--
-- PostgreSQL database dump
--

-- Dumped from database version 13.1 (Debian 13.1-1.pgdg100+1)
-- Dumped by pg_dump version 13.1 (Debian 13.1-1.pgdg100+1)

SET statement_timeout = 0;
SET lock_timeout = 0;
SET idle_in_transaction_session_timeout = 0;
SET client_encoding = 'UTF8';
SET standard_conforming_strings = on;
SELECT pg_catalog.set_config('search_path', '', false);
SET check_function_bodies = false;
SET xmloption = content;
SET client_min_messages = warning;
SET row_security = off;

--
-- Name: citext; Type: EXTENSION; Schema: -; Owner: -
--

CREATE EXTENSION IF NOT EXISTS citext WITH SCHEMA public;


--
-- Name: EXTENSION citext; Type: COMMENT; Schema: -; Owner: 
--

COMMENT ON EXTENSION citext IS 'data type for case-insensitive character strings';


--
-- Name: enum_online_course_questions_questionableType; Type: TYPE; Schema: public; Owner: badiklatpmi-dev
--

CREATE TYPE public."enum_online_course_questions_questionableType" AS ENUM (
    'WordPuzzle',
    'MatchPuzzle',
    'ImagePuzzle',
    'MultipleChoice',
    'Categorization'
);


ALTER TYPE public."enum_online_course_questions_questionableType" OWNER TO "badiklatpmi-dev";

--
-- Name: enum_online_courses_state; Type: TYPE; Schema: public; Owner: badiklatpmi-dev
--

CREATE TYPE public.enum_online_courses_state AS ENUM (
    'draft',
    'active',
    'inactive'
);


ALTER TYPE public.enum_online_courses_state OWNER TO "badiklatpmi-dev";

--
-- Name: enum_order_transactions_state; Type: TYPE; Schema: public; Owner: badiklatpmi-dev
--

CREATE TYPE public.enum_order_transactions_state AS ENUM (
    'draft',
    'pending',
    'challenge',
    'deny',
    'success'
);


ALTER TYPE public.enum_order_transactions_state OWNER TO "badiklatpmi-dev";

--
-- Name: enum_orders_state; Type: TYPE; Schema: public; Owner: badiklatpmi-dev
--

CREATE TYPE public.enum_orders_state AS ENUM (
    'draft',
    'pending',
    'challenge',
    'deny',
    'success'
);


ALTER TYPE public.enum_orders_state OWNER TO "badiklatpmi-dev";

--
-- Name: enum_users_gender; Type: TYPE; Schema: public; Owner: badiklatpmi-dev
--

CREATE TYPE public.enum_users_gender AS ENUM (
    'male',
    'female'
);


ALTER TYPE public.enum_users_gender OWNER TO "badiklatpmi-dev";

--
-- Name: enum_users_type; Type: TYPE; Schema: public; Owner: badiklatpmi-dev
--

CREATE TYPE public.enum_users_type AS ENUM (
    'unknown',
    'pmi',
    'volunteer',
    'others'
);


ALTER TYPE public.enum_users_type OWNER TO "badiklatpmi-dev";

SET default_tablespace = '';

SET default_table_access_method = heap;

--
-- Name: SequelizeMeta; Type: TABLE; Schema: public; Owner: badiklatpmi-dev
--

CREATE TABLE public."SequelizeMeta" (
    name character varying(255) NOT NULL
);


ALTER TABLE public."SequelizeMeta" OWNER TO "badiklatpmi-dev";

--
-- Name: browser_sessions; Type: TABLE; Schema: public; Owner: badiklatpmi-dev
--

CREATE TABLE public.browser_sessions (
    sid character varying(36) NOT NULL,
    "userId" integer,
    data text,
    expires timestamp with time zone,
    "createdAt" timestamp with time zone DEFAULT now() NOT NULL,
    "updatedAt" timestamp with time zone DEFAULT now() NOT NULL
);


ALTER TABLE public.browser_sessions OWNER TO "badiklatpmi-dev";

--
-- Name: categories; Type: TABLE; Schema: public; Owner: badiklatpmi-dev
--

CREATE TABLE public.categories (
    id integer NOT NULL,
    name public.citext NOT NULL,
    description public.citext,
    "parentId" integer,
    "imageUri" text,
    slug public.citext NOT NULL,
    "createdAt" timestamp with time zone DEFAULT now() NOT NULL,
    "updatedAt" timestamp with time zone DEFAULT now() NOT NULL
);


ALTER TABLE public.categories OWNER TO "badiklatpmi-dev";

--
-- Name: categories_id_seq; Type: SEQUENCE; Schema: public; Owner: badiklatpmi-dev
--

CREATE SEQUENCE public.categories_id_seq
    AS integer
    START WITH 1
    INCREMENT BY 1
    NO MINVALUE
    NO MAXVALUE
    CACHE 1;


ALTER TABLE public.categories_id_seq OWNER TO "badiklatpmi-dev";

--
-- Name: categories_id_seq; Type: SEQUENCE OWNED BY; Schema: public; Owner: badiklatpmi-dev
--

ALTER SEQUENCE public.categories_id_seq OWNED BY public.categories.id;


--
-- Name: categorization_categories; Type: TABLE; Schema: public; Owner: badiklatpmi-dev
--

CREATE TABLE public.categorization_categories (
    id integer NOT NULL,
    name public.citext NOT NULL,
    "categorizationId" integer NOT NULL,
    "createdAt" timestamp with time zone DEFAULT now() NOT NULL,
    "updatedAt" timestamp with time zone DEFAULT now() NOT NULL
);


ALTER TABLE public.categorization_categories OWNER TO "badiklatpmi-dev";

--
-- Name: categorization_categories_id_seq; Type: SEQUENCE; Schema: public; Owner: badiklatpmi-dev
--

CREATE SEQUENCE public.categorization_categories_id_seq
    AS integer
    START WITH 1
    INCREMENT BY 1
    NO MINVALUE
    NO MAXVALUE
    CACHE 1;


ALTER TABLE public.categorization_categories_id_seq OWNER TO "badiklatpmi-dev";

--
-- Name: categorization_categories_id_seq; Type: SEQUENCE OWNED BY; Schema: public; Owner: badiklatpmi-dev
--

ALTER SEQUENCE public.categorization_categories_id_seq OWNED BY public.categorization_categories.id;


--
-- Name: categorization_items; Type: TABLE; Schema: public; Owner: badiklatpmi-dev
--

CREATE TABLE public.categorization_items (
    id integer NOT NULL,
    content public.citext,
    "imageUri" text,
    "categorizationCategoryId" integer NOT NULL,
    "categorizationId" integer NOT NULL,
    "order" integer NOT NULL,
    "createdAt" timestamp with time zone DEFAULT now() NOT NULL,
    "updatedAt" timestamp with time zone DEFAULT now() NOT NULL
);


ALTER TABLE public.categorization_items OWNER TO "badiklatpmi-dev";

--
-- Name: categorization_items_id_seq; Type: SEQUENCE; Schema: public; Owner: badiklatpmi-dev
--

CREATE SEQUENCE public.categorization_items_id_seq
    AS integer
    START WITH 1
    INCREMENT BY 1
    NO MINVALUE
    NO MAXVALUE
    CACHE 1;


ALTER TABLE public.categorization_items_id_seq OWNER TO "badiklatpmi-dev";

--
-- Name: categorization_items_id_seq; Type: SEQUENCE OWNED BY; Schema: public; Owner: badiklatpmi-dev
--

ALTER SEQUENCE public.categorization_items_id_seq OWNED BY public.categorization_items.id;


--
-- Name: categorizations; Type: TABLE; Schema: public; Owner: badiklatpmi-dev
--

CREATE TABLE public.categorizations (
    id integer NOT NULL,
    "questionId" integer NOT NULL,
    "createdAt" timestamp with time zone DEFAULT now() NOT NULL,
    "updatedAt" timestamp with time zone DEFAULT now() NOT NULL
);


ALTER TABLE public.categorizations OWNER TO "badiklatpmi-dev";

--
-- Name: categorizations_id_seq; Type: SEQUENCE; Schema: public; Owner: badiklatpmi-dev
--

CREATE SEQUENCE public.categorizations_id_seq
    AS integer
    START WITH 1
    INCREMENT BY 1
    NO MINVALUE
    NO MAXVALUE
    CACHE 1;


ALTER TABLE public.categorizations_id_seq OWNER TO "badiklatpmi-dev";

--
-- Name: categorizations_id_seq; Type: SEQUENCE OWNED BY; Schema: public; Owner: badiklatpmi-dev
--

ALTER SEQUENCE public.categorizations_id_seq OWNED BY public.categorizations.id;


--
-- Name: course_objectives; Type: TABLE; Schema: public; Owner: badiklatpmi-dev
--

CREATE TABLE public.course_objectives (
    id integer NOT NULL,
    description public.citext NOT NULL,
    "courseId" integer NOT NULL,
    "order" integer NOT NULL,
    "createdAt" timestamp with time zone DEFAULT now() NOT NULL,
    "updatedAt" timestamp with time zone DEFAULT now() NOT NULL
);


ALTER TABLE public.course_objectives OWNER TO "badiklatpmi-dev";

--
-- Name: course_objectives_id_seq; Type: SEQUENCE; Schema: public; Owner: badiklatpmi-dev
--

CREATE SEQUENCE public.course_objectives_id_seq
    AS integer
    START WITH 1
    INCREMENT BY 1
    NO MINVALUE
    NO MAXVALUE
    CACHE 1;


ALTER TABLE public.course_objectives_id_seq OWNER TO "badiklatpmi-dev";

--
-- Name: course_objectives_id_seq; Type: SEQUENCE OWNED BY; Schema: public; Owner: badiklatpmi-dev
--

ALTER SEQUENCE public.course_objectives_id_seq OWNED BY public.course_objectives.id;


--
-- Name: course_registrations; Type: TABLE; Schema: public; Owner: badiklatpmi-dev
--

CREATE TABLE public.course_registrations (
    id integer NOT NULL,
    name public.citext NOT NULL,
    phone text NOT NULL,
    email public.citext NOT NULL,
    "courseId" integer NOT NULL,
    "participantCount" integer NOT NULL,
    message text,
    "createdAt" timestamp with time zone DEFAULT now() NOT NULL,
    "updatedAt" timestamp with time zone DEFAULT now() NOT NULL
);


ALTER TABLE public.course_registrations OWNER TO "badiklatpmi-dev";

--
-- Name: course_registrations_id_seq; Type: SEQUENCE; Schema: public; Owner: badiklatpmi-dev
--

CREATE SEQUENCE public.course_registrations_id_seq
    AS integer
    START WITH 1
    INCREMENT BY 1
    NO MINVALUE
    NO MAXVALUE
    CACHE 1;


ALTER TABLE public.course_registrations_id_seq OWNER TO "badiklatpmi-dev";

--
-- Name: course_registrations_id_seq; Type: SEQUENCE OWNED BY; Schema: public; Owner: badiklatpmi-dev
--

ALTER SEQUENCE public.course_registrations_id_seq OWNED BY public.course_registrations.id;


--
-- Name: courses; Type: TABLE; Schema: public; Owner: badiklatpmi-dev
--

CREATE TABLE public.courses (
    id integer NOT NULL,
    title public.citext NOT NULL,
    content public.citext NOT NULL,
    "startDate" timestamp with time zone NOT NULL,
    price double precision NOT NULL,
    location public.citext NOT NULL,
    "provinceId" integer NOT NULL,
    slug public.citext NOT NULL,
    "imageUri" text,
    description text,
    type text NOT NULL,
    "createdAt" timestamp with time zone DEFAULT now() NOT NULL,
    "updatedAt" timestamp with time zone DEFAULT now() NOT NULL
);


ALTER TABLE public.courses OWNER TO "badiklatpmi-dev";

--
-- Name: courses_id_seq; Type: SEQUENCE; Schema: public; Owner: badiklatpmi-dev
--

CREATE SEQUENCE public.courses_id_seq
    AS integer
    START WITH 1
    INCREMENT BY 1
    NO MINVALUE
    NO MAXVALUE
    CACHE 1;


ALTER TABLE public.courses_id_seq OWNER TO "badiklatpmi-dev";

--
-- Name: courses_id_seq; Type: SEQUENCE OWNED BY; Schema: public; Owner: badiklatpmi-dev
--

ALTER SEQUENCE public.courses_id_seq OWNED BY public.courses.id;


--
-- Name: galleries; Type: TABLE; Schema: public; Owner: badiklatpmi-dev
--

CREATE TABLE public.galleries (
    id integer NOT NULL,
    title public.citext NOT NULL,
    description public.citext,
    slug public.citext NOT NULL,
    "createdAt" timestamp with time zone DEFAULT now() NOT NULL,
    "updatedAt" timestamp with time zone DEFAULT now() NOT NULL
);


ALTER TABLE public.galleries OWNER TO "badiklatpmi-dev";

--
-- Name: galleries_id_seq; Type: SEQUENCE; Schema: public; Owner: badiklatpmi-dev
--

CREATE SEQUENCE public.galleries_id_seq
    AS integer
    START WITH 1
    INCREMENT BY 1
    NO MINVALUE
    NO MAXVALUE
    CACHE 1;


ALTER TABLE public.galleries_id_seq OWNER TO "badiklatpmi-dev";

--
-- Name: galleries_id_seq; Type: SEQUENCE OWNED BY; Schema: public; Owner: badiklatpmi-dev
--

ALTER SEQUENCE public.galleries_id_seq OWNED BY public.galleries.id;


--
-- Name: gallery_directories; Type: TABLE; Schema: public; Owner: badiklatpmi-dev
--

CREATE TABLE public.gallery_directories (
    id integer NOT NULL,
    name public.citext NOT NULL,
    description public.citext,
    "imageUri" text,
    "parentId" integer,
    "createdAt" timestamp with time zone NOT NULL,
    "updatedAt" timestamp with time zone NOT NULL
);


ALTER TABLE public.gallery_directories OWNER TO "badiklatpmi-dev";

--
-- Name: gallery_directories_id_seq; Type: SEQUENCE; Schema: public; Owner: badiklatpmi-dev
--

CREATE SEQUENCE public.gallery_directories_id_seq
    AS integer
    START WITH 1
    INCREMENT BY 1
    NO MINVALUE
    NO MAXVALUE
    CACHE 1;


ALTER TABLE public.gallery_directories_id_seq OWNER TO "badiklatpmi-dev";

--
-- Name: gallery_directories_id_seq; Type: SEQUENCE OWNED BY; Schema: public; Owner: badiklatpmi-dev
--

ALTER SEQUENCE public.gallery_directories_id_seq OWNED BY public.gallery_directories.id;


--
-- Name: gallery_items; Type: TABLE; Schema: public; Owner: badiklatpmi-dev
--

CREATE TABLE public.gallery_items (
    id integer NOT NULL,
    "videoUri" text,
    "imageUri" text,
    title public.citext NOT NULL,
    description public.citext,
    "galleryId" integer NOT NULL,
    "createdAt" timestamp with time zone DEFAULT now() NOT NULL,
    "updatedAt" timestamp with time zone DEFAULT now() NOT NULL
);


ALTER TABLE public.gallery_items OWNER TO "badiklatpmi-dev";

--
-- Name: gallery_items_id_seq; Type: SEQUENCE; Schema: public; Owner: badiklatpmi-dev
--

CREATE SEQUENCE public.gallery_items_id_seq
    AS integer
    START WITH 1
    INCREMENT BY 1
    NO MINVALUE
    NO MAXVALUE
    CACHE 1;


ALTER TABLE public.gallery_items_id_seq OWNER TO "badiklatpmi-dev";

--
-- Name: gallery_items_id_seq; Type: SEQUENCE OWNED BY; Schema: public; Owner: badiklatpmi-dev
--

ALTER SEQUENCE public.gallery_items_id_seq OWNED BY public.gallery_items.id;


--
-- Name: image_puzzle_grids; Type: TABLE; Schema: public; Owner: badiklatpmi-dev
--

CREATE TABLE public.image_puzzle_grids (
    id integer NOT NULL,
    "imageUri" text NOT NULL,
    "imagePuzzleId" integer,
    "puzzleOrder" integer NOT NULL,
    "answerOrder" integer NOT NULL,
    "createdAt" timestamp with time zone DEFAULT now() NOT NULL,
    "updatedAt" timestamp with time zone DEFAULT now() NOT NULL
);


ALTER TABLE public.image_puzzle_grids OWNER TO "badiklatpmi-dev";

--
-- Name: image_puzzle_grids_id_seq; Type: SEQUENCE; Schema: public; Owner: badiklatpmi-dev
--

CREATE SEQUENCE public.image_puzzle_grids_id_seq
    AS integer
    START WITH 1
    INCREMENT BY 1
    NO MINVALUE
    NO MAXVALUE
    CACHE 1;


ALTER TABLE public.image_puzzle_grids_id_seq OWNER TO "badiklatpmi-dev";

--
-- Name: image_puzzle_grids_id_seq; Type: SEQUENCE OWNED BY; Schema: public; Owner: badiklatpmi-dev
--

ALTER SEQUENCE public.image_puzzle_grids_id_seq OWNED BY public.image_puzzle_grids.id;


--
-- Name: image_puzzles; Type: TABLE; Schema: public; Owner: badiklatpmi-dev
--

CREATE TABLE public.image_puzzles (
    id integer NOT NULL,
    "gridWidth" integer NOT NULL,
    "gridHeight" integer NOT NULL,
    "questionId" integer,
    "createdAt" timestamp with time zone DEFAULT now() NOT NULL,
    "updatedAt" timestamp with time zone DEFAULT now() NOT NULL
);


ALTER TABLE public.image_puzzles OWNER TO "badiklatpmi-dev";

--
-- Name: image_puzzles_id_seq; Type: SEQUENCE; Schema: public; Owner: badiklatpmi-dev
--

CREATE SEQUENCE public.image_puzzles_id_seq
    AS integer
    START WITH 1
    INCREMENT BY 1
    NO MINVALUE
    NO MAXVALUE
    CACHE 1;


ALTER TABLE public.image_puzzles_id_seq OWNER TO "badiklatpmi-dev";

--
-- Name: image_puzzles_id_seq; Type: SEQUENCE OWNED BY; Schema: public; Owner: badiklatpmi-dev
--

ALTER SEQUENCE public.image_puzzles_id_seq OWNED BY public.image_puzzles.id;


--
-- Name: match_puzzle_items; Type: TABLE; Schema: public; Owner: badiklatpmi-dev
--

CREATE TABLE public.match_puzzle_items (
    id integer NOT NULL,
    content public.citext,
    "imageUri" text,
    "matchPuzzleRowPuzzleId" integer,
    "matchPuzzleRowAnswerId" integer,
    "createdAt" timestamp with time zone DEFAULT now() NOT NULL,
    "updatedAt" timestamp with time zone DEFAULT now() NOT NULL
);


ALTER TABLE public.match_puzzle_items OWNER TO "badiklatpmi-dev";

--
-- Name: match_puzzle_items_id_seq; Type: SEQUENCE; Schema: public; Owner: badiklatpmi-dev
--

CREATE SEQUENCE public.match_puzzle_items_id_seq
    AS integer
    START WITH 1
    INCREMENT BY 1
    NO MINVALUE
    NO MAXVALUE
    CACHE 1;


ALTER TABLE public.match_puzzle_items_id_seq OWNER TO "badiklatpmi-dev";

--
-- Name: match_puzzle_items_id_seq; Type: SEQUENCE OWNED BY; Schema: public; Owner: badiklatpmi-dev
--

ALTER SEQUENCE public.match_puzzle_items_id_seq OWNED BY public.match_puzzle_items.id;


--
-- Name: match_puzzle_rows; Type: TABLE; Schema: public; Owner: badiklatpmi-dev
--

CREATE TABLE public.match_puzzle_rows (
    id integer NOT NULL,
    "matchPuzzleId" integer,
    "order" integer NOT NULL,
    content public.citext,
    "imageUri" text,
    "createdAt" timestamp with time zone DEFAULT now() NOT NULL,
    "updatedAt" timestamp with time zone DEFAULT now() NOT NULL
);


ALTER TABLE public.match_puzzle_rows OWNER TO "badiklatpmi-dev";

--
-- Name: match_puzzle_rows_id_seq; Type: SEQUENCE; Schema: public; Owner: badiklatpmi-dev
--

CREATE SEQUENCE public.match_puzzle_rows_id_seq
    AS integer
    START WITH 1
    INCREMENT BY 1
    NO MINVALUE
    NO MAXVALUE
    CACHE 1;


ALTER TABLE public.match_puzzle_rows_id_seq OWNER TO "badiklatpmi-dev";

--
-- Name: match_puzzle_rows_id_seq; Type: SEQUENCE OWNED BY; Schema: public; Owner: badiklatpmi-dev
--

ALTER SEQUENCE public.match_puzzle_rows_id_seq OWNED BY public.match_puzzle_rows.id;


--
-- Name: match_puzzles; Type: TABLE; Schema: public; Owner: badiklatpmi-dev
--

CREATE TABLE public.match_puzzles (
    id integer NOT NULL,
    "questionId" integer,
    "createdAt" timestamp with time zone DEFAULT now() NOT NULL,
    "updatedAt" timestamp with time zone DEFAULT now() NOT NULL
);


ALTER TABLE public.match_puzzles OWNER TO "badiklatpmi-dev";

--
-- Name: match_puzzles_id_seq; Type: SEQUENCE; Schema: public; Owner: badiklatpmi-dev
--

CREATE SEQUENCE public.match_puzzles_id_seq
    AS integer
    START WITH 1
    INCREMENT BY 1
    NO MINVALUE
    NO MAXVALUE
    CACHE 1;


ALTER TABLE public.match_puzzles_id_seq OWNER TO "badiklatpmi-dev";

--
-- Name: match_puzzles_id_seq; Type: SEQUENCE OWNED BY; Schema: public; Owner: badiklatpmi-dev
--

ALTER SEQUENCE public.match_puzzles_id_seq OWNED BY public.match_puzzles.id;


--
-- Name: module_question_sessions; Type: TABLE; Schema: public; Owner: badiklatpmi-dev
--

CREATE TABLE public.module_question_sessions (
    id integer NOT NULL,
    "orderItemId" integer NOT NULL,
    "moduleId" integer NOT NULL,
    "resultId" integer,
    score integer DEFAULT 0 NOT NULL,
    "isLast" boolean DEFAULT false NOT NULL,
    "questionCount" integer NOT NULL,
    "finishedAt" timestamp with time zone,
    "createdAt" timestamp with time zone NOT NULL,
    "updatedAt" timestamp with time zone NOT NULL
);


ALTER TABLE public.module_question_sessions OWNER TO "badiklatpmi-dev";

--
-- Name: module_question_sessions_id_seq; Type: SEQUENCE; Schema: public; Owner: badiklatpmi-dev
--

CREATE SEQUENCE public.module_question_sessions_id_seq
    AS integer
    START WITH 1
    INCREMENT BY 1
    NO MINVALUE
    NO MAXVALUE
    CACHE 1;


ALTER TABLE public.module_question_sessions_id_seq OWNER TO "badiklatpmi-dev";

--
-- Name: module_question_sessions_id_seq; Type: SEQUENCE OWNED BY; Schema: public; Owner: badiklatpmi-dev
--

ALTER SEQUENCE public.module_question_sessions_id_seq OWNED BY public.module_question_sessions.id;


--
-- Name: multiple_choice_items; Type: TABLE; Schema: public; Owner: badiklatpmi-dev
--

CREATE TABLE public.multiple_choice_items (
    id integer NOT NULL,
    content public.citext,
    "imageUri" text,
    "isAnswer" boolean DEFAULT false NOT NULL,
    "order" integer NOT NULL,
    "multipleChoiceId" integer,
    "createdAt" timestamp with time zone DEFAULT now() NOT NULL,
    "updatedAt" timestamp with time zone DEFAULT now() NOT NULL
);


ALTER TABLE public.multiple_choice_items OWNER TO "badiklatpmi-dev";

--
-- Name: multiple_choice_items_id_seq; Type: SEQUENCE; Schema: public; Owner: badiklatpmi-dev
--

CREATE SEQUENCE public.multiple_choice_items_id_seq
    AS integer
    START WITH 1
    INCREMENT BY 1
    NO MINVALUE
    NO MAXVALUE
    CACHE 1;


ALTER TABLE public.multiple_choice_items_id_seq OWNER TO "badiklatpmi-dev";

--
-- Name: multiple_choice_items_id_seq; Type: SEQUENCE OWNED BY; Schema: public; Owner: badiklatpmi-dev
--

ALTER SEQUENCE public.multiple_choice_items_id_seq OWNED BY public.multiple_choice_items.id;


--
-- Name: multiple_choices; Type: TABLE; Schema: public; Owner: badiklatpmi-dev
--

CREATE TABLE public.multiple_choices (
    id integer NOT NULL,
    "isMultipleSelection" boolean DEFAULT false NOT NULL,
    "questionId" integer,
    "createdAt" timestamp with time zone DEFAULT now() NOT NULL,
    "updatedAt" timestamp with time zone DEFAULT now() NOT NULL
);


ALTER TABLE public.multiple_choices OWNER TO "badiklatpmi-dev";

--
-- Name: multiple_choices_id_seq; Type: SEQUENCE; Schema: public; Owner: badiklatpmi-dev
--

CREATE SEQUENCE public.multiple_choices_id_seq
    AS integer
    START WITH 1
    INCREMENT BY 1
    NO MINVALUE
    NO MAXVALUE
    CACHE 1;


ALTER TABLE public.multiple_choices_id_seq OWNER TO "badiklatpmi-dev";

--
-- Name: multiple_choices_id_seq; Type: SEQUENCE OWNED BY; Schema: public; Owner: badiklatpmi-dev
--

ALTER SEQUENCE public.multiple_choices_id_seq OWNED BY public.multiple_choices.id;


--
-- Name: online_course_attachments; Type: TABLE; Schema: public; Owner: badiklatpmi-dev
--

CREATE TABLE public.online_course_attachments (
    id integer NOT NULL,
    name public.citext NOT NULL,
    description public.citext,
    "attachmentUri" text NOT NULL,
    "onlineCourseModuleId" integer,
    "order" integer NOT NULL,
    "createdAt" timestamp with time zone NOT NULL,
    "updatedAt" timestamp with time zone NOT NULL
);


ALTER TABLE public.online_course_attachments OWNER TO "badiklatpmi-dev";

--
-- Name: online_course_attachments_id_seq; Type: SEQUENCE; Schema: public; Owner: badiklatpmi-dev
--

CREATE SEQUENCE public.online_course_attachments_id_seq
    AS integer
    START WITH 1
    INCREMENT BY 1
    NO MINVALUE
    NO MAXVALUE
    CACHE 1;


ALTER TABLE public.online_course_attachments_id_seq OWNER TO "badiklatpmi-dev";

--
-- Name: online_course_attachments_id_seq; Type: SEQUENCE OWNED BY; Schema: public; Owner: badiklatpmi-dev
--

ALTER SEQUENCE public.online_course_attachments_id_seq OWNED BY public.online_course_attachments.id;


--
-- Name: online_course_images; Type: TABLE; Schema: public; Owner: badiklatpmi-dev
--

CREATE TABLE public.online_course_images (
    id integer NOT NULL,
    title public.citext NOT NULL,
    description public.citext,
    "imageUri" text NOT NULL,
    "order" integer NOT NULL,
    "onlineCourseModuleId" integer NOT NULL,
    "createdAt" timestamp with time zone DEFAULT now() NOT NULL,
    "updatedAt" timestamp with time zone DEFAULT now() NOT NULL
);


ALTER TABLE public.online_course_images OWNER TO "badiklatpmi-dev";

--
-- Name: online_course_images_id_seq; Type: SEQUENCE; Schema: public; Owner: badiklatpmi-dev
--

CREATE SEQUENCE public.online_course_images_id_seq
    AS integer
    START WITH 1
    INCREMENT BY 1
    NO MINVALUE
    NO MAXVALUE
    CACHE 1;


ALTER TABLE public.online_course_images_id_seq OWNER TO "badiklatpmi-dev";

--
-- Name: online_course_images_id_seq; Type: SEQUENCE OWNED BY; Schema: public; Owner: badiklatpmi-dev
--

ALTER SEQUENCE public.online_course_images_id_seq OWNED BY public.online_course_images.id;


--
-- Name: online_course_modules; Type: TABLE; Schema: public; Owner: badiklatpmi-dev
--

CREATE TABLE public.online_course_modules (
    id integer NOT NULL,
    title public.citext NOT NULL,
    description public.citext,
    "imageUri" text,
    content public.citext,
    "order" integer NOT NULL,
    "onlineCourseId" integer NOT NULL,
    "requiredScore" integer DEFAULT 0 NOT NULL,
    "createdAt" timestamp with time zone DEFAULT now() NOT NULL,
    "updatedAt" timestamp with time zone DEFAULT now() NOT NULL
);


ALTER TABLE public.online_course_modules OWNER TO "badiklatpmi-dev";

--
-- Name: online_course_modules_id_seq; Type: SEQUENCE; Schema: public; Owner: badiklatpmi-dev
--

CREATE SEQUENCE public.online_course_modules_id_seq
    AS integer
    START WITH 1
    INCREMENT BY 1
    NO MINVALUE
    NO MAXVALUE
    CACHE 1;


ALTER TABLE public.online_course_modules_id_seq OWNER TO "badiklatpmi-dev";

--
-- Name: online_course_modules_id_seq; Type: SEQUENCE OWNED BY; Schema: public; Owner: badiklatpmi-dev
--

ALTER SEQUENCE public.online_course_modules_id_seq OWNED BY public.online_course_modules.id;


--
-- Name: online_course_objectives; Type: TABLE; Schema: public; Owner: badiklatpmi-dev
--

CREATE TABLE public.online_course_objectives (
    id integer NOT NULL,
    description public.citext NOT NULL,
    "courseId" integer NOT NULL,
    "order" integer NOT NULL,
    "createdAt" timestamp with time zone DEFAULT now() NOT NULL,
    "updatedAt" timestamp with time zone DEFAULT now() NOT NULL
);


ALTER TABLE public.online_course_objectives OWNER TO "badiklatpmi-dev";

--
-- Name: online_course_objectives_id_seq; Type: SEQUENCE; Schema: public; Owner: badiklatpmi-dev
--

CREATE SEQUENCE public.online_course_objectives_id_seq
    AS integer
    START WITH 1
    INCREMENT BY 1
    NO MINVALUE
    NO MAXVALUE
    CACHE 1;


ALTER TABLE public.online_course_objectives_id_seq OWNER TO "badiklatpmi-dev";

--
-- Name: online_course_objectives_id_seq; Type: SEQUENCE OWNED BY; Schema: public; Owner: badiklatpmi-dev
--

ALTER SEQUENCE public.online_course_objectives_id_seq OWNED BY public.online_course_objectives.id;


--
-- Name: online_course_questions; Type: TABLE; Schema: public; Owner: badiklatpmi-dev
--

CREATE TABLE public.online_course_questions (
    id integer NOT NULL,
    content public.citext,
    "imageUri" text,
    "order" integer NOT NULL,
    duration integer NOT NULL,
    "questionableType" public."enum_online_course_questions_questionableType" NOT NULL,
    score integer NOT NULL,
    "onlineCourseModuleId" integer NOT NULL,
    "createdAt" timestamp with time zone DEFAULT now() NOT NULL,
    "updatedAt" timestamp with time zone DEFAULT now() NOT NULL,
    "videoId" text
);


ALTER TABLE public.online_course_questions OWNER TO "badiklatpmi-dev";

--
-- Name: online_course_questions_id_seq; Type: SEQUENCE; Schema: public; Owner: badiklatpmi-dev
--

CREATE SEQUENCE public.online_course_questions_id_seq
    AS integer
    START WITH 1
    INCREMENT BY 1
    NO MINVALUE
    NO MAXVALUE
    CACHE 1;


ALTER TABLE public.online_course_questions_id_seq OWNER TO "badiklatpmi-dev";

--
-- Name: online_course_questions_id_seq; Type: SEQUENCE OWNED BY; Schema: public; Owner: badiklatpmi-dev
--

ALTER SEQUENCE public.online_course_questions_id_seq OWNED BY public.online_course_questions.id;


--
-- Name: online_course_videos; Type: TABLE; Schema: public; Owner: badiklatpmi-dev
--

CREATE TABLE public.online_course_videos (
    id integer NOT NULL,
    title public.citext NOT NULL,
    description public.citext,
    "videoId" character varying(255) NOT NULL,
    "order" integer NOT NULL,
    "onlineCourseModuleId" integer NOT NULL,
    "createdAt" timestamp with time zone DEFAULT now() NOT NULL,
    "updatedAt" timestamp with time zone DEFAULT now() NOT NULL
);


ALTER TABLE public.online_course_videos OWNER TO "badiklatpmi-dev";

--
-- Name: online_course_videos_id_seq; Type: SEQUENCE; Schema: public; Owner: badiklatpmi-dev
--

CREATE SEQUENCE public.online_course_videos_id_seq
    AS integer
    START WITH 1
    INCREMENT BY 1
    NO MINVALUE
    NO MAXVALUE
    CACHE 1;


ALTER TABLE public.online_course_videos_id_seq OWNER TO "badiklatpmi-dev";

--
-- Name: online_course_videos_id_seq; Type: SEQUENCE OWNED BY; Schema: public; Owner: badiklatpmi-dev
--

ALTER SEQUENCE public.online_course_videos_id_seq OWNED BY public.online_course_videos.id;


--
-- Name: online_courses; Type: TABLE; Schema: public; Owner: badiklatpmi-dev
--

CREATE TABLE public.online_courses (
    id integer NOT NULL,
    title public.citext NOT NULL,
    description public.citext,
    "imageUri" text,
    content public.citext,
    price double precision DEFAULT '0'::double precision,
    discount double precision DEFAULT '0'::double precision,
    "isPremium" boolean DEFAULT false,
    state public.enum_online_courses_state DEFAULT 'draft'::public.enum_online_courses_state NOT NULL,
    "requiredScore" integer DEFAULT 0 NOT NULL,
    "categoryId" integer,
    slug public.citext NOT NULL,
    "createdAt" timestamp with time zone DEFAULT now() NOT NULL,
    "updatedAt" timestamp with time zone DEFAULT now() NOT NULL
);


ALTER TABLE public.online_courses OWNER TO "badiklatpmi-dev";

--
-- Name: online_courses_id_seq; Type: SEQUENCE; Schema: public; Owner: badiklatpmi-dev
--

CREATE SEQUENCE public.online_courses_id_seq
    AS integer
    START WITH 1
    INCREMENT BY 1
    NO MINVALUE
    NO MAXVALUE
    CACHE 1;


ALTER TABLE public.online_courses_id_seq OWNER TO "badiklatpmi-dev";

--
-- Name: online_courses_id_seq; Type: SEQUENCE OWNED BY; Schema: public; Owner: badiklatpmi-dev
--

ALTER SEQUENCE public.online_courses_id_seq OWNED BY public.online_courses.id;


--
-- Name: order_items; Type: TABLE; Schema: public; Owner: badiklatpmi-dev
--

CREATE TABLE public.order_items (
    id integer NOT NULL,
    "userId" integer NOT NULL,
    "onlineCourseId" integer NOT NULL,
    "orderId" integer,
    "subTotal" double precision,
    discount double precision,
    total double precision,
    "isQuestionFinished" boolean DEFAULT false NOT NULL,
    "createdAt" timestamp with time zone DEFAULT now() NOT NULL,
    "updatedAt" timestamp with time zone DEFAULT now() NOT NULL
);


ALTER TABLE public.order_items OWNER TO "badiklatpmi-dev";

--
-- Name: order_items_id_seq; Type: SEQUENCE; Schema: public; Owner: badiklatpmi-dev
--

CREATE SEQUENCE public.order_items_id_seq
    AS integer
    START WITH 1
    INCREMENT BY 1
    NO MINVALUE
    NO MAXVALUE
    CACHE 1;


ALTER TABLE public.order_items_id_seq OWNER TO "badiklatpmi-dev";

--
-- Name: order_items_id_seq; Type: SEQUENCE OWNED BY; Schema: public; Owner: badiklatpmi-dev
--

ALTER SEQUENCE public.order_items_id_seq OWNED BY public.order_items.id;


--
-- Name: order_transactions; Type: TABLE; Schema: public; Owner: badiklatpmi-dev
--

CREATE TABLE public.order_transactions (
    id integer NOT NULL,
    "orderId" integer NOT NULL,
    "transactionId" character varying(255),
    token character varying(255),
    "tokenUri" character varying(255),
    state public.enum_order_transactions_state DEFAULT 'draft'::public.enum_order_transactions_state NOT NULL,
    "settledAt" timestamp with time zone,
    "expiredAt" timestamp with time zone,
    "createdAt" timestamp with time zone DEFAULT now() NOT NULL,
    "updatedAt" timestamp with time zone DEFAULT now() NOT NULL
);


ALTER TABLE public.order_transactions OWNER TO "badiklatpmi-dev";

--
-- Name: order_transactions_id_seq; Type: SEQUENCE; Schema: public; Owner: badiklatpmi-dev
--

CREATE SEQUENCE public.order_transactions_id_seq
    AS integer
    START WITH 1
    INCREMENT BY 1
    NO MINVALUE
    NO MAXVALUE
    CACHE 1;


ALTER TABLE public.order_transactions_id_seq OWNER TO "badiklatpmi-dev";

--
-- Name: order_transactions_id_seq; Type: SEQUENCE OWNED BY; Schema: public; Owner: badiklatpmi-dev
--

ALTER SEQUENCE public.order_transactions_id_seq OWNED BY public.order_transactions.id;


--
-- Name: orders; Type: TABLE; Schema: public; Owner: badiklatpmi-dev
--

CREATE TABLE public.orders (
    id integer NOT NULL,
    "userId" integer NOT NULL,
    "subTotal" double precision NOT NULL,
    discount double precision NOT NULL,
    total double precision NOT NULL,
    state public.enum_orders_state DEFAULT 'draft'::public.enum_orders_state NOT NULL,
    "createdAt" timestamp with time zone DEFAULT now() NOT NULL,
    "updatedAt" timestamp with time zone DEFAULT now() NOT NULL
);


ALTER TABLE public.orders OWNER TO "badiklatpmi-dev";

--
-- Name: orders_id_seq; Type: SEQUENCE; Schema: public; Owner: badiklatpmi-dev
--

CREATE SEQUENCE public.orders_id_seq
    AS integer
    START WITH 1
    INCREMENT BY 1
    NO MINVALUE
    NO MAXVALUE
    CACHE 1;


ALTER TABLE public.orders_id_seq OWNER TO "badiklatpmi-dev";

--
-- Name: orders_id_seq; Type: SEQUENCE OWNED BY; Schema: public; Owner: badiklatpmi-dev
--

ALTER SEQUENCE public.orders_id_seq OWNED BY public.orders.id;


--
-- Name: provinces; Type: TABLE; Schema: public; Owner: badiklatpmi-dev
--

CREATE TABLE public.provinces (
    id integer NOT NULL,
    name public.citext NOT NULL,
    "createdAt" timestamp with time zone DEFAULT now() NOT NULL,
    "updatedAt" timestamp with time zone DEFAULT now() NOT NULL
);


ALTER TABLE public.provinces OWNER TO "badiklatpmi-dev";

--
-- Name: provinces_id_seq; Type: SEQUENCE; Schema: public; Owner: badiklatpmi-dev
--

CREATE SEQUENCE public.provinces_id_seq
    AS integer
    START WITH 1
    INCREMENT BY 1
    NO MINVALUE
    NO MAXVALUE
    CACHE 1;


ALTER TABLE public.provinces_id_seq OWNER TO "badiklatpmi-dev";

--
-- Name: provinces_id_seq; Type: SEQUENCE OWNED BY; Schema: public; Owner: badiklatpmi-dev
--

ALTER SEQUENCE public.provinces_id_seq OWNED BY public.provinces.id;


--
-- Name: question_results; Type: TABLE; Schema: public; Owner: badiklatpmi-dev
--

CREATE TABLE public.question_results (
    id integer NOT NULL,
    "orderItemId" integer NOT NULL,
    score integer NOT NULL,
    "maxScore" integer NOT NULL,
    "requiredScore" integer NOT NULL,
    certificate character varying(255),
    "createdAt" timestamp with time zone DEFAULT now() NOT NULL,
    "updatedAt" timestamp with time zone DEFAULT now() NOT NULL
);


ALTER TABLE public.question_results OWNER TO "badiklatpmi-dev";

--
-- Name: question_results_id_seq; Type: SEQUENCE; Schema: public; Owner: badiklatpmi-dev
--

CREATE SEQUENCE public.question_results_id_seq
    AS integer
    START WITH 1
    INCREMENT BY 1
    NO MINVALUE
    NO MAXVALUE
    CACHE 1;


ALTER TABLE public.question_results_id_seq OWNER TO "badiklatpmi-dev";

--
-- Name: question_results_id_seq; Type: SEQUENCE OWNED BY; Schema: public; Owner: badiklatpmi-dev
--

ALTER SEQUENCE public.question_results_id_seq OWNED BY public.question_results.id;


--
-- Name: question_sessions; Type: TABLE; Schema: public; Owner: badiklatpmi-dev
--

CREATE TABLE public.question_sessions (
    id integer NOT NULL,
    "sessionId" integer NOT NULL,
    "questionId" integer NOT NULL,
    "startedAt" timestamp with time zone,
    "expiredAt" timestamp with time zone,
    "answeredAt" timestamp with time zone,
    score integer DEFAULT 0 NOT NULL,
    "order" integer NOT NULL,
    "isCurrent" boolean DEFAULT false NOT NULL,
    "isLast" boolean DEFAULT false NOT NULL,
    "createdAt" timestamp with time zone NOT NULL,
    "updatedAt" timestamp with time zone NOT NULL
);


ALTER TABLE public.question_sessions OWNER TO "badiklatpmi-dev";

--
-- Name: question_sessions_id_seq; Type: SEQUENCE; Schema: public; Owner: badiklatpmi-dev
--

CREATE SEQUENCE public.question_sessions_id_seq
    AS integer
    START WITH 1
    INCREMENT BY 1
    NO MINVALUE
    NO MAXVALUE
    CACHE 1;


ALTER TABLE public.question_sessions_id_seq OWNER TO "badiklatpmi-dev";

--
-- Name: question_sessions_id_seq; Type: SEQUENCE OWNED BY; Schema: public; Owner: badiklatpmi-dev
--

ALTER SEQUENCE public.question_sessions_id_seq OWNED BY public.question_sessions.id;


--
-- Name: users; Type: TABLE; Schema: public; Owner: badiklatpmi-dev
--

CREATE TABLE public.users (
    id integer NOT NULL,
    name public.citext NOT NULL,
    email public.citext NOT NULL,
    password text NOT NULL,
    type public.enum_users_type DEFAULT 'unknown'::public.enum_users_type NOT NULL,
    phone text NOT NULL,
    gender public.enum_users_gender NOT NULL,
    agency public.citext,
    "position" public.citext,
    "dateOfBirth" timestamp with time zone NOT NULL,
    "isAdmin" boolean DEFAULT false NOT NULL,
    "resetPassToken" text,
    "imageUri" text,
    "createdAt" timestamp with time zone DEFAULT now() NOT NULL,
    "updatedAt" timestamp with time zone DEFAULT now() NOT NULL
);


ALTER TABLE public.users OWNER TO "badiklatpmi-dev";

--
-- Name: users_id_seq; Type: SEQUENCE; Schema: public; Owner: badiklatpmi-dev
--

CREATE SEQUENCE public.users_id_seq
    AS integer
    START WITH 1
    INCREMENT BY 1
    NO MINVALUE
    NO MAXVALUE
    CACHE 1;


ALTER TABLE public.users_id_seq OWNER TO "badiklatpmi-dev";

--
-- Name: users_id_seq; Type: SEQUENCE OWNED BY; Schema: public; Owner: badiklatpmi-dev
--

ALTER SEQUENCE public.users_id_seq OWNED BY public.users.id;


--
-- Name: word_puzzles; Type: TABLE; Schema: public; Owner: badiklatpmi-dev
--

CREATE TABLE public.word_puzzles (
    id integer NOT NULL,
    puzzle json NOT NULL,
    answer public.citext NOT NULL,
    "questionId" integer,
    "createdAt" timestamp with time zone DEFAULT now() NOT NULL,
    "updatedAt" timestamp with time zone DEFAULT now() NOT NULL
);


ALTER TABLE public.word_puzzles OWNER TO "badiklatpmi-dev";

--
-- Name: word_puzzles_id_seq; Type: SEQUENCE; Schema: public; Owner: badiklatpmi-dev
--

CREATE SEQUENCE public.word_puzzles_id_seq
    AS integer
    START WITH 1
    INCREMENT BY 1
    NO MINVALUE
    NO MAXVALUE
    CACHE 1;


ALTER TABLE public.word_puzzles_id_seq OWNER TO "badiklatpmi-dev";

--
-- Name: word_puzzles_id_seq; Type: SEQUENCE OWNED BY; Schema: public; Owner: badiklatpmi-dev
--

ALTER SEQUENCE public.word_puzzles_id_seq OWNED BY public.word_puzzles.id;


--
-- Name: categories id; Type: DEFAULT; Schema: public; Owner: badiklatpmi-dev
--

ALTER TABLE ONLY public.categories ALTER COLUMN id SET DEFAULT nextval('public.categories_id_seq'::regclass);


--
-- Name: categorization_categories id; Type: DEFAULT; Schema: public; Owner: badiklatpmi-dev
--

ALTER TABLE ONLY public.categorization_categories ALTER COLUMN id SET DEFAULT nextval('public.categorization_categories_id_seq'::regclass);


--
-- Name: categorization_items id; Type: DEFAULT; Schema: public; Owner: badiklatpmi-dev
--

ALTER TABLE ONLY public.categorization_items ALTER COLUMN id SET DEFAULT nextval('public.categorization_items_id_seq'::regclass);


--
-- Name: categorizations id; Type: DEFAULT; Schema: public; Owner: badiklatpmi-dev
--

ALTER TABLE ONLY public.categorizations ALTER COLUMN id SET DEFAULT nextval('public.categorizations_id_seq'::regclass);


--
-- Name: course_objectives id; Type: DEFAULT; Schema: public; Owner: badiklatpmi-dev
--

ALTER TABLE ONLY public.course_objectives ALTER COLUMN id SET DEFAULT nextval('public.course_objectives_id_seq'::regclass);


--
-- Name: course_registrations id; Type: DEFAULT; Schema: public; Owner: badiklatpmi-dev
--

ALTER TABLE ONLY public.course_registrations ALTER COLUMN id SET DEFAULT nextval('public.course_registrations_id_seq'::regclass);


--
-- Name: courses id; Type: DEFAULT; Schema: public; Owner: badiklatpmi-dev
--

ALTER TABLE ONLY public.courses ALTER COLUMN id SET DEFAULT nextval('public.courses_id_seq'::regclass);


--
-- Name: galleries id; Type: DEFAULT; Schema: public; Owner: badiklatpmi-dev
--

ALTER TABLE ONLY public.galleries ALTER COLUMN id SET DEFAULT nextval('public.galleries_id_seq'::regclass);


--
-- Name: gallery_directories id; Type: DEFAULT; Schema: public; Owner: badiklatpmi-dev
--

ALTER TABLE ONLY public.gallery_directories ALTER COLUMN id SET DEFAULT nextval('public.gallery_directories_id_seq'::regclass);


--
-- Name: gallery_items id; Type: DEFAULT; Schema: public; Owner: badiklatpmi-dev
--

ALTER TABLE ONLY public.gallery_items ALTER COLUMN id SET DEFAULT nextval('public.gallery_items_id_seq'::regclass);


--
-- Name: image_puzzle_grids id; Type: DEFAULT; Schema: public; Owner: badiklatpmi-dev
--

ALTER TABLE ONLY public.image_puzzle_grids ALTER COLUMN id SET DEFAULT nextval('public.image_puzzle_grids_id_seq'::regclass);


--
-- Name: image_puzzles id; Type: DEFAULT; Schema: public; Owner: badiklatpmi-dev
--

ALTER TABLE ONLY public.image_puzzles ALTER COLUMN id SET DEFAULT nextval('public.image_puzzles_id_seq'::regclass);


--
-- Name: match_puzzle_items id; Type: DEFAULT; Schema: public; Owner: badiklatpmi-dev
--

ALTER TABLE ONLY public.match_puzzle_items ALTER COLUMN id SET DEFAULT nextval('public.match_puzzle_items_id_seq'::regclass);


--
-- Name: match_puzzle_rows id; Type: DEFAULT; Schema: public; Owner: badiklatpmi-dev
--

ALTER TABLE ONLY public.match_puzzle_rows ALTER COLUMN id SET DEFAULT nextval('public.match_puzzle_rows_id_seq'::regclass);


--
-- Name: match_puzzles id; Type: DEFAULT; Schema: public; Owner: badiklatpmi-dev
--

ALTER TABLE ONLY public.match_puzzles ALTER COLUMN id SET DEFAULT nextval('public.match_puzzles_id_seq'::regclass);


--
-- Name: module_question_sessions id; Type: DEFAULT; Schema: public; Owner: badiklatpmi-dev
--

ALTER TABLE ONLY public.module_question_sessions ALTER COLUMN id SET DEFAULT nextval('public.module_question_sessions_id_seq'::regclass);


--
-- Name: multiple_choice_items id; Type: DEFAULT; Schema: public; Owner: badiklatpmi-dev
--

ALTER TABLE ONLY public.multiple_choice_items ALTER COLUMN id SET DEFAULT nextval('public.multiple_choice_items_id_seq'::regclass);


--
-- Name: multiple_choices id; Type: DEFAULT; Schema: public; Owner: badiklatpmi-dev
--

ALTER TABLE ONLY public.multiple_choices ALTER COLUMN id SET DEFAULT nextval('public.multiple_choices_id_seq'::regclass);


--
-- Name: online_course_attachments id; Type: DEFAULT; Schema: public; Owner: badiklatpmi-dev
--

ALTER TABLE ONLY public.online_course_attachments ALTER COLUMN id SET DEFAULT nextval('public.online_course_attachments_id_seq'::regclass);


--
-- Name: online_course_images id; Type: DEFAULT; Schema: public; Owner: badiklatpmi-dev
--

ALTER TABLE ONLY public.online_course_images ALTER COLUMN id SET DEFAULT nextval('public.online_course_images_id_seq'::regclass);


--
-- Name: online_course_modules id; Type: DEFAULT; Schema: public; Owner: badiklatpmi-dev
--

ALTER TABLE ONLY public.online_course_modules ALTER COLUMN id SET DEFAULT nextval('public.online_course_modules_id_seq'::regclass);


--
-- Name: online_course_objectives id; Type: DEFAULT; Schema: public; Owner: badiklatpmi-dev
--

ALTER TABLE ONLY public.online_course_objectives ALTER COLUMN id SET DEFAULT nextval('public.online_course_objectives_id_seq'::regclass);


--
-- Name: online_course_questions id; Type: DEFAULT; Schema: public; Owner: badiklatpmi-dev
--

ALTER TABLE ONLY public.online_course_questions ALTER COLUMN id SET DEFAULT nextval('public.online_course_questions_id_seq'::regclass);


--
-- Name: online_course_videos id; Type: DEFAULT; Schema: public; Owner: badiklatpmi-dev
--

ALTER TABLE ONLY public.online_course_videos ALTER COLUMN id SET DEFAULT nextval('public.online_course_videos_id_seq'::regclass);


--
-- Name: online_courses id; Type: DEFAULT; Schema: public; Owner: badiklatpmi-dev
--

ALTER TABLE ONLY public.online_courses ALTER COLUMN id SET DEFAULT nextval('public.online_courses_id_seq'::regclass);


--
-- Name: order_items id; Type: DEFAULT; Schema: public; Owner: badiklatpmi-dev
--

ALTER TABLE ONLY public.order_items ALTER COLUMN id SET DEFAULT nextval('public.order_items_id_seq'::regclass);


--
-- Name: order_transactions id; Type: DEFAULT; Schema: public; Owner: badiklatpmi-dev
--

ALTER TABLE ONLY public.order_transactions ALTER COLUMN id SET DEFAULT nextval('public.order_transactions_id_seq'::regclass);


--
-- Name: orders id; Type: DEFAULT; Schema: public; Owner: badiklatpmi-dev
--

ALTER TABLE ONLY public.orders ALTER COLUMN id SET DEFAULT nextval('public.orders_id_seq'::regclass);


--
-- Name: provinces id; Type: DEFAULT; Schema: public; Owner: badiklatpmi-dev
--

ALTER TABLE ONLY public.provinces ALTER COLUMN id SET DEFAULT nextval('public.provinces_id_seq'::regclass);


--
-- Name: question_results id; Type: DEFAULT; Schema: public; Owner: badiklatpmi-dev
--

ALTER TABLE ONLY public.question_results ALTER COLUMN id SET DEFAULT nextval('public.question_results_id_seq'::regclass);


--
-- Name: question_sessions id; Type: DEFAULT; Schema: public; Owner: badiklatpmi-dev
--

ALTER TABLE ONLY public.question_sessions ALTER COLUMN id SET DEFAULT nextval('public.question_sessions_id_seq'::regclass);


--
-- Name: users id; Type: DEFAULT; Schema: public; Owner: badiklatpmi-dev
--

ALTER TABLE ONLY public.users ALTER COLUMN id SET DEFAULT nextval('public.users_id_seq'::regclass);


--
-- Name: word_puzzles id; Type: DEFAULT; Schema: public; Owner: badiklatpmi-dev
--

ALTER TABLE ONLY public.word_puzzles ALTER COLUMN id SET DEFAULT nextval('public.word_puzzles_id_seq'::regclass);


--
-- Data for Name: SequelizeMeta; Type: TABLE DATA; Schema: public; Owner: badiklatpmi-dev
--

COPY public."SequelizeMeta" (name) FROM stdin;
20200622104704-create-users.js
20200622104720-create-gallery-directories.js
20200623141005-create-categories.js
20200623141006-create-online-courses.js
20200623141007-create-online-course-modules.js
20200623141008-create-online-course-questions.js
20200623141020-create-multiple-choice.js
20200623141021-create-multiple-choice-item.js
20200623141022-create-word-puzzle.js
20200623141023-create-image-puzzle.js
20200623141024-create-image-puzzle-grid.js
20200623141025-create-categorization.js
20200623141026-create-categorization-category.js
20200623141027-create-categorization-item.js
20200623141028-create-match-puzzle.js
20200623141029-create-match-puzzle-row.js
20200623141030-create-match-puzzle-item.js
20200623141100-create-online-course-attachment.js
20200623141200-create-order.js
20200623141201-create-order-item.js
20200623141202-create-order-transaction.js
20200623141298-question-result.js
20200623141299-create-module-question-session.js
20200623141300-create-question-session.js
20200623141301-create-online-course-videos.js
20200623141312-create-online-course-objective.js
20200623141313-create-online-course-images.js
20200623141314-browser-session.js
20200623141315-create-gallery.js
20200623141316-create-gallery-item.js
20200623141317-create-province.js
20200623141318-create-courses.js
20200623141319-create-course-registrations.js
20200623141320-create-course-objectives.js
20200623141321-add-video-to-question.js
\.


--
-- Data for Name: browser_sessions; Type: TABLE DATA; Schema: public; Owner: badiklatpmi-dev
--

COPY public.browser_sessions (sid, "userId", data, expires, "createdAt", "updatedAt") FROM stdin;
\.


--
-- Data for Name: categories; Type: TABLE DATA; Schema: public; Owner: badiklatpmi-dev
--

COPY public.categories (id, name, description, "parentId", "imageUri", slug, "createdAt", "updatedAt") FROM stdin;
1	Kesehatan	Laboris sint enim tempor Lorem excepteur ipsum consectetur cupidatat ad. Fugiat enim non qui dolor officia. Labore non ullamco reprehenderit nostrud pariatur. Minim ad ipsum laboris consectetur laborum sint. Non tempor quis elit ullamco labore duis anim Lorem anim esse excepteur.	\N	\N	kesehatan-1231	2021-02-08 03:33:24.218394+00	2021-02-08 03:33:24.218394+00
2	Bisnis	Elit et ex mollit proident sint laborum adipisicing. Enim fugiat cupidatat id deserunt proident in exercitation laboris consectetur veniam irure. Pariatur reprehenderit fugiat esse reprehenderit mollit aliquip commodo fugiat magna est laborum amet exercitation nostrud. Ad veniam Lorem officia cupidatat proident anim id adipisicing. Nulla consectetur voluptate nostrud irure consequat proident veniam adipisicing non incididunt ullamco labore consequat laborum.	\N	\N	bisnis-8192	2021-02-08 03:33:24.218394+00	2021-02-08 03:33:24.218394+00
3	Pemrograman	Nostrud ad occaecat aliqua in. Ea Lorem culpa eiusmod fugiat. Tempor qui minim laborum elit cillum exercitation excepteur laborum occaecat. Laboris ad sit qui nulla non nulla proident anim sunt non anim cillum nisi ex.	\N	\N	pemograman-7812	2021-02-08 03:33:24.218394+00	2021-02-08 03:33:24.218394+00
4	Kubernetes	Eu aliquip sint sit irure cupidatat consectetur. Fugiat excepteur mollit nulla ullamco magna incididunt dolore est do cillum. Qui occaecat tempor eu proident excepteur pariatur laborum elit nulla consectetur non velit elit consectetur.	\N	\N	kubernetes-1892	2021-02-08 03:33:24.218394+00	2021-02-08 03:33:24.218394+00
5	Kesehatan	Elit exercitation sint duis ex occaecat cupidatat enim aute. Incididunt ipsum do eiusmod dolor deserunt. Incididunt commodo aute enim anim veniam id ea ipsum deserunt excepteur.	\N	\N	kesehatan-8129	2021-02-08 03:33:24.218394+00	2021-02-08 03:33:24.218394+00
\.


--
-- Data for Name: categorization_categories; Type: TABLE DATA; Schema: public; Owner: badiklatpmi-dev
--

COPY public.categorization_categories (id, name, "categorizationId", "createdAt", "updatedAt") FROM stdin;
1	Hewan	1	2021-02-08 03:33:25.870282+00	2021-02-08 03:33:25.870282+00
2	Tumbuhan	1	2021-02-08 03:33:25.870282+00	2021-02-08 03:33:25.870282+00
3	Jawa Timur	2	2021-02-08 03:33:25.870282+00	2021-02-08 03:33:25.870282+00
4	Jawa Tengah	2	2021-02-08 03:33:25.870282+00	2021-02-08 03:33:25.870282+00
5	Warna	3	2021-02-08 03:33:25.870282+00	2021-02-08 03:33:25.870282+00
6	Bentuk	3	2021-02-08 03:33:25.870282+00	2021-02-08 03:33:25.870282+00
7	Serangga	4	2021-02-08 03:33:25.870282+00	2021-02-08 03:33:25.870282+00
8	Mamalia	4	2021-02-08 03:33:25.870282+00	2021-02-08 03:33:25.870282+00
9	Presiden	5	2021-02-08 03:33:25.870282+00	2021-02-08 03:33:25.870282+00
10	Perdana Menteri	5	2021-02-08 03:33:25.870282+00	2021-02-08 03:33:25.870282+00
\.


--
-- Data for Name: categorization_items; Type: TABLE DATA; Schema: public; Owner: badiklatpmi-dev
--

COPY public.categorization_items (id, content, "imageUri", "categorizationCategoryId", "categorizationId", "order", "createdAt", "updatedAt") FROM stdin;
1	Sapi	online-course/attachment/5e4cc06c78f35e4c781b03f25f252537-Screen%20Shot%202020-06-25%20at%2013.56.50.png	1	1	1	2021-02-08 03:33:25.870282+00	2021-02-08 03:33:25.870282+00
2	Kambing	online-course/attachment/5e4cc06c78f35e4c781b03f25f252537-Screen%20Shot%202020-06-25%20at%2013.56.50.png	1	1	2	2021-02-08 03:33:25.870282+00	2021-02-08 03:33:25.870282+00
3	Harimau	online-course/attachment/5e4cc06c78f35e4c781b03f25f252537-Screen%20Shot%202020-06-25%20at%2013.56.50.png	1	1	3	2021-02-08 03:33:25.870282+00	2021-02-08 03:33:25.870282+00
4	Singa	online-course/attachment/5e4cc06c78f35e4c781b03f25f252537-Screen%20Shot%202020-06-25%20at%2013.56.50.png	1	1	4	2021-02-08 03:33:25.870282+00	2021-02-08 03:33:25.870282+00
5	Jati	online-course/attachment/5e4cc06c78f35e4c781b03f25f252537-Screen%20Shot%202020-06-25%20at%2013.56.50.png	2	1	5	2021-02-08 03:33:25.870282+00	2021-02-08 03:33:25.870282+00
6	Melati	online-course/attachment/5e4cc06c78f35e4c781b03f25f252537-Screen%20Shot%202020-06-25%20at%2013.56.50.png	2	1	6	2021-02-08 03:33:25.870282+00	2021-02-08 03:33:25.870282+00
7	Malang	online-course/attachment/5e4cc06c78f35e4c781b03f25f252537-Screen%20Shot%202020-06-25%20at%2013.56.50.png	3	2	1	2021-02-08 03:33:25.870282+00	2021-02-08 03:33:25.870282+00
8	Surakarta	online-course/attachment/5e4cc06c78f35e4c781b03f25f252537-Screen%20Shot%202020-06-25%20at%2013.56.50.png	4	2	2	2021-02-08 03:33:25.870282+00	2021-02-08 03:33:25.870282+00
9	Tegal	online-course/attachment/5e4cc06c78f35e4c781b03f25f252537-Screen%20Shot%202020-06-25%20at%2013.56.50.png	4	2	3	2021-02-08 03:33:25.870282+00	2021-02-08 03:33:25.870282+00
10	Purwokerto	online-course/attachment/5e4cc06c78f35e4c781b03f25f252537-Screen%20Shot%202020-06-25%20at%2013.56.50.png	4	2	4	2021-02-08 03:33:25.870282+00	2021-02-08 03:33:25.870282+00
11	Ngawi	online-course/attachment/5e4cc06c78f35e4c781b03f25f252537-Screen%20Shot%202020-06-25%20at%2013.56.50.png	3	2	5	2021-02-08 03:33:25.870282+00	2021-02-08 03:33:25.870282+00
12	Kotak	online-course/attachment/5e4cc06c78f35e4c781b03f25f252537-Screen%20Shot%202020-06-25%20at%2013.56.50.png	6	3	1	2021-02-08 03:33:25.870282+00	2021-02-08 03:33:25.870282+00
13	Bulat	online-course/attachment/5e4cc06c78f35e4c781b03f25f252537-Screen%20Shot%202020-06-25%20at%2013.56.50.png	6	3	2	2021-02-08 03:33:25.870282+00	2021-02-08 03:33:25.870282+00
14	Merah	online-course/attachment/5e4cc06c78f35e4c781b03f25f252537-Screen%20Shot%202020-06-25%20at%2013.56.50.png	5	3	3	2021-02-08 03:33:25.870282+00	2021-02-08 03:33:25.870282+00
15	Hijau	online-course/attachment/5e4cc06c78f35e4c781b03f25f252537-Screen%20Shot%202020-06-25%20at%2013.56.50.png	5	3	4	2021-02-08 03:33:25.870282+00	2021-02-08 03:33:25.870282+00
16	Lonjong	online-course/attachment/5e4cc06c78f35e4c781b03f25f252537-Screen%20Shot%202020-06-25%20at%2013.56.50.png	6	3	5	2021-02-08 03:33:25.870282+00	2021-02-08 03:33:25.870282+00
17	Kuning	online-course/attachment/5e4cc06c78f35e4c781b03f25f252537-Screen%20Shot%202020-06-25%20at%2013.56.50.png	5	3	6	2021-02-08 03:33:25.870282+00	2021-02-08 03:33:25.870282+00
18	Lebah	online-course/attachment/5e4cc06c78f35e4c781b03f25f252537-Screen%20Shot%202020-06-25%20at%2013.56.50.png	7	4	1	2021-02-08 03:33:25.870282+00	2021-02-08 03:33:25.870282+00
19	Kupu - Kupu	online-course/attachment/5e4cc06c78f35e4c781b03f25f252537-Screen%20Shot%202020-06-25%20at%2013.56.50.png	7	4	2	2021-02-08 03:33:25.870282+00	2021-02-08 03:33:25.870282+00
20	Kerbau	online-course/attachment/5e4cc06c78f35e4c781b03f25f252537-Screen%20Shot%202020-06-25%20at%2013.56.50.png	8	4	3	2021-02-08 03:33:25.870282+00	2021-02-08 03:33:25.870282+00
21	Jerapah	online-course/attachment/5e4cc06c78f35e4c781b03f25f252537-Screen%20Shot%202020-06-25%20at%2013.56.50.png	8	4	4	2021-02-08 03:33:25.870282+00	2021-02-08 03:33:25.870282+00
22	Belalang	online-course/attachment/5e4cc06c78f35e4c781b03f25f252537-Screen%20Shot%202020-06-25%20at%2013.56.50.png	7	4	5	2021-02-08 03:33:25.870282+00	2021-02-08 03:33:25.870282+00
23	Jangkrik	online-course/attachment/5e4cc06c78f35e4c781b03f25f252537-Screen%20Shot%202020-06-25%20at%2013.56.50.png	7	4	6	2021-02-08 03:33:25.870282+00	2021-02-08 03:33:25.870282+00
24	Kanguru	online-course/attachment/5e4cc06c78f35e4c781b03f25f252537-Screen%20Shot%202020-06-25%20at%2013.56.50.png	8	4	7	2021-02-08 03:33:25.870282+00	2021-02-08 03:33:25.870282+00
25	Sapi	online-course/attachment/5e4cc06c78f35e4c781b03f25f252537-Screen%20Shot%202020-06-25%20at%2013.56.50.png	8	4	8	2021-02-08 03:33:25.870282+00	2021-02-08 03:33:25.870282+00
26	Amerika Serikat	online-course/attachment/5e4cc06c78f35e4c781b03f25f252537-Screen%20Shot%202020-06-25%20at%2013.56.50.png	9	5	1	2021-02-08 03:33:25.870282+00	2021-02-08 03:33:25.870282+00
27	Britania Raya	online-course/attachment/5e4cc06c78f35e4c781b03f25f252537-Screen%20Shot%202020-06-25%20at%2013.56.50.png	10	5	2	2021-02-08 03:33:25.870282+00	2021-02-08 03:33:25.870282+00
28	Indonesia	online-course/attachment/5e4cc06c78f35e4c781b03f25f252537-Screen%20Shot%202020-06-25%20at%2013.56.50.png	9	5	3	2021-02-08 03:33:25.870282+00	2021-02-08 03:33:25.870282+00
29	Malaysia	online-course/attachment/5e4cc06c78f35e4c781b03f25f252537-Screen%20Shot%202020-06-25%20at%2013.56.50.png	10	5	4	2021-02-08 03:33:25.870282+00	2021-02-08 03:33:25.870282+00
30	Jepang	online-course/attachment/5e4cc06c78f35e4c781b03f25f252537-Screen%20Shot%202020-06-25%20at%2013.56.50.png	10	5	5	2021-02-08 03:33:25.870282+00	2021-02-08 03:33:25.870282+00
31	Australia	online-course/attachment/5e4cc06c78f35e4c781b03f25f252537-Screen%20Shot%202020-06-25%20at%2013.56.50.png	10	5	6	2021-02-08 03:33:25.870282+00	2021-02-08 03:33:25.870282+00
32	Korea Selatan	online-course/attachment/5e4cc06c78f35e4c781b03f25f252537-Screen%20Shot%202020-06-25%20at%2013.56.50.png	9	5	7	2021-02-08 03:33:25.870282+00	2021-02-08 03:33:25.870282+00
33	Singapura	online-course/attachment/5e4cc06c78f35e4c781b03f25f252537-Screen%20Shot%202020-06-25%20at%2013.56.50.png	10	5	8	2021-02-08 03:33:25.870282+00	2021-02-08 03:33:25.870282+00
34	Filipina	online-course/attachment/5e4cc06c78f35e4c781b03f25f252537-Screen%20Shot%202020-06-25%20at%2013.56.50.png	9	5	9	2021-02-08 03:33:25.870282+00	2021-02-08 03:33:25.870282+00
\.


--
-- Data for Name: categorizations; Type: TABLE DATA; Schema: public; Owner: badiklatpmi-dev
--

COPY public.categorizations (id, "questionId", "createdAt", "updatedAt") FROM stdin;
1	4	2021-02-08 03:33:25.870282+00	2021-02-08 03:33:25.870282+00
2	9	2021-02-08 03:33:25.870282+00	2021-02-08 03:33:25.870282+00
3	14	2021-02-08 03:33:25.870282+00	2021-02-08 03:33:25.870282+00
4	19	2021-02-08 03:33:25.870282+00	2021-02-08 03:33:25.870282+00
5	24	2021-02-08 03:33:25.870282+00	2021-02-08 03:33:25.870282+00
\.


--
-- Data for Name: course_objectives; Type: TABLE DATA; Schema: public; Owner: badiklatpmi-dev
--

COPY public.course_objectives (id, description, "courseId", "order", "createdAt", "updatedAt") FROM stdin;
\.


--
-- Data for Name: course_registrations; Type: TABLE DATA; Schema: public; Owner: badiklatpmi-dev
--

COPY public.course_registrations (id, name, phone, email, "courseId", "participantCount", message, "createdAt", "updatedAt") FROM stdin;
\.


--
-- Data for Name: courses; Type: TABLE DATA; Schema: public; Owner: badiklatpmi-dev
--

COPY public.courses (id, title, content, "startDate", price, location, "provinceId", slug, "imageUri", description, type, "createdAt", "updatedAt") FROM stdin;
2	Nulla Irure Et Ullamco Est Pariatur	Minim culpa adipisicing et ut adipisicing incididunt Lorem. Consequat officia duis proident eiusmod consectetur culpa aliquip quis aliquip minim dolore laboris mollit. Et ullamco ea eiusmod nostrud sunt ullamco. Lorem culpa consectetur laboris nulla anim fugiat dolore excepteur amet velit sunt culpa laboris. Et aute non nostrud qui Lorem laborum est exercitation aute enim eiusmod reprehenderit. Amet proident quis aute fugiat dolor aliquip esse aliquip eu aliquip incididunt laborum commodo id.\nProident aute officia mollit sit aliquip occaecat Lorem. Labore dolor aliquip eiusmod aliqua anim veniam elit in laboris cillum do ex qui tempor. In cupidatat excepteur sint minim do. Sunt labore enim sint aute minim. Qui officia proident ipsum labore dolore non commodo aliquip ex id excepteur reprehenderit quis mollit. Fugiat sint enim culpa minim.\nPariatur proident laborum exercitation quis est aliquip ad consequat proident non. Duis pariatur deserunt nulla voluptate amet enim dolore ea est. Enim deserunt sit velit mollit aute in irure cupidatat. Occaecat tempor fugiat sit dolor duis ullamco sit proident quis ea dolore ex. Velit aliqua qui est minim dolore magna et esse cillum exercitation nostrud.\nAdipisicing pariatur pariatur est officia. Duis ad commodo amet sunt dolore amet. Nisi pariatur ad do minim incididunt voluptate laborum dolor ipsum sint.\nDuis eiusmod consequat anim eiusmod officia aliqua eu est culpa occaecat labore voluptate culpa irure. Adipisicing dolor commodo ad cillum proident ullamco quis eu esse ex cupidatat pariatur ut enim. Sunt laborum non pariatur enim non nulla voluptate sit adipisicing laborum occaecat. Amet reprehenderit ad enim do aute enim qui consequat proident non. Ut consequat tempor Lorem est labore ad anim tempor enim nisi et elit nisi.	2021-02-08 03:33:27.435+00	0	Ullamco incididunt ad non in aliquip	16	nulla-irure-et-ullamco-est-pariatur	\N	Sint minim in adipisicing enim cupidatat nisi ad eu cupidatat aute sunt enim cupidatat	training	2021-02-08 03:33:27.463476+00	2021-02-08 03:33:27.463476+00
3	Ea In Et Exercitation Ad Commodo	Minim culpa adipisicing et ut adipisicing incididunt Lorem. Consequat officia duis proident eiusmod consectetur culpa aliquip quis aliquip minim dolore laboris mollit. Et ullamco ea eiusmod nostrud sunt ullamco. Lorem culpa consectetur laboris nulla anim fugiat dolore excepteur amet velit sunt culpa laboris. Et aute non nostrud qui Lorem laborum est exercitation aute enim eiusmod reprehenderit. Amet proident quis aute fugiat dolor aliquip esse aliquip eu aliquip incididunt laborum commodo id.\nProident aute officia mollit sit aliquip occaecat Lorem. Labore dolor aliquip eiusmod aliqua anim veniam elit in laboris cillum do ex qui tempor. In cupidatat excepteur sint minim do. Sunt labore enim sint aute minim. Qui officia proident ipsum labore dolore non commodo aliquip ex id excepteur reprehenderit quis mollit. Fugiat sint enim culpa minim.\nPariatur proident laborum exercitation quis est aliquip ad consequat proident non. Duis pariatur deserunt nulla voluptate amet enim dolore ea est. Enim deserunt sit velit mollit aute in irure cupidatat. Occaecat tempor fugiat sit dolor duis ullamco sit proident quis ea dolore ex. Velit aliqua qui est minim dolore magna et esse cillum exercitation nostrud.\nAdipisicing pariatur pariatur est officia. Duis ad commodo amet sunt dolore amet. Nisi pariatur ad do minim incididunt voluptate laborum dolor ipsum sint.\nDuis eiusmod consequat anim eiusmod officia aliqua eu est culpa occaecat labore voluptate culpa irure. Adipisicing dolor commodo ad cillum proident ullamco quis eu esse ex cupidatat pariatur ut enim. Sunt laborum non pariatur enim non nulla voluptate sit adipisicing laborum occaecat. Amet reprehenderit ad enim do aute enim qui consequat proident non. Ut consequat tempor Lorem est labore ad anim tempor enim nisi et elit nisi.	2021-02-08 03:33:27.435+00	0	Lorem elit commodo sunt duis duis	16	ea-in-et-exercitation-ad-commodo	\N	Qui dolor mollit laborum quis	certification	2021-02-08 03:33:27.463476+00	2021-02-08 03:33:27.463476+00
4	Training Baru	makan makan	2021-02-26 23:30:00+00	120000000	Gedung Sangat Tinggi Lt. 101	11	training-baru-9654	course/b33ab8d7395300e148665103ae1fa186-Nursery03985aa_.png	Ayo disiapkan	training	2021-02-09 02:18:55.496+00	2021-02-09 02:18:55.496+00
6	Title	Konten	2021-02-19 07:07:26+00	1	Tes	4	dsfadsf34q3453453-2928	course/202b2a06fb0d4cfd568204de70b0dda5-b0603dfcc25334a2f207e59b5e1ee5e3.png	deskripsi	seminar	2021-02-19 07:08:42.685+00	2021-02-19 07:10:30.675+00
1	Ullamco Mollit Duis Tempor Do	Minim culpa adipisicing et ut adipisicing incididunt Lorem. Consequat officia duis proident eiusmod consectetur culpa aliquip quis aliquip minim dolore laboris mollit. Et ullamco ea eiusmod nostrud sunt ullamco. Lorem culpa consectetur laboris nulla anim fugiat dolore excepteur amet velit sunt culpa laboris. Et aute non nostrud qui Lorem laborum est exercitation aute enim eiusmod reprehenderit. Amet proident quis aute fugiat dolor aliquip esse aliquip eu aliquip incididunt laborum commodo id.\nProident aute officia mollit sit aliquip occaecat Lorem. Labore dolor aliquip eiusmod aliqua anim veniam elit in laboris cillum do ex qui tempor. In cupidatat excepteur sint minim do. Sunt labore enim sint aute minim. Qui officia proident ipsum labore dolore non commodo aliquip ex id excepteur reprehenderit quis mollit. Fugiat sint enim culpa minim.\nPariatur proident laborum exercitation quis est aliquip ad consequat proident non. Duis pariatur deserunt nulla voluptate amet enim dolore ea est. Enim deserunt sit velit mollit aute in irure cupidatat. Occaecat tempor fugiat sit dolor duis ullamco sit proident quis ea dolore ex. Velit aliqua qui est minim dolore magna et esse cillum exercitation nostrud.\nAdipisicing pariatur pariatur est officia. Duis ad commodo amet sunt dolore amet. Nisi pariatur ad do minim incididunt voluptate laborum dolor ipsum sint.\nDuis eiusmod consequat anim eiusmod officia aliqua eu est culpa occaecat labore voluptate culpa irure. Adipisicing dolor commodo ad cillum proident ullamco quis eu esse ex cupidatat pariatur ut enim. Sunt laborum non pariatur enim non nulla voluptate sit adipisicing laborum occaecat. Amet reprehenderit ad enim do aute enim qui consequat proident non. Ut consequat tempor Lorem est labore ad anim tempor enim nisi et elit nisi.	2021-02-08 03:33:27.435+00	0	Cupidatat occaecat aliqua amet	16	ullamco-mollit-duis-tempor-do	\N	Aute commodo esse culpa amet reprehenderit ipsum laborum ad adipisicing aliqua esse nulla	seminar	2021-02-08 03:33:27.463476+00	2021-02-19 07:11:49.978+00
5	asdfsdf	asdfadsf	2021-02-19 07:06:50+00	1	Tes	1	asdfsdf-3425	course/f3433c29e40ab96f728e36304e9982d9-b0603dfcc25334a2f207e59b5e1ee5e3.png	asdfsdfsadf	seminar	2021-02-19 07:07:16.98+00	2021-02-19 07:11:57.047+00
7	asdf	konten	2021-02-24 07:06:57+00	0	sumur	2	test-6550	\N	<h1>Ini Judul</h1>\n<p></p>\n<p><strong>WEBINAR: BE A FUN FACILITATOR</strong></p>\n<p>Durasi: 2 x 60</p>\n<p><strong>HAL YANG DIDAPAT OLEH PESERTA:</strong></p>\n<ul>\n<li>Keterampilan cara melakukan <em>Memorable Presentation.</em></li>\n<li>Keterampilan persiapan memfasilitasi.</li>\n<li>Keterampilan mengelola saat memfasilitasi kepada publik.</li>\n<li>Pengetahuan tips-tips saat memfasilitasi.</li>\n<li>Praktik secara langsung proses fasilitasi.</li>\n<li>Pengalaman berharga webinar.</li>\n</ul>\n<p>Bersama fasilitator profesional yang telah tersertifikasi internasional, materi disajikan dengan metode daring yang menyenangkan bagi peserta.</p>\n<p></p>\n<p></p>\n<blockquote>Selain membagikan ilmu pengetahuan dan keterampilan, fasilitator akan berbagi pengalaman-pengalaman berharga yang bisa diserap peserta.</blockquote>\n<p></p>\n<p></p>\n	seminar	2021-02-24 08:46:25.446+00	2021-02-26 05:37:06.814+00
8	test	konten	2021-02-25 09:49:08+00	0	sumbar	3	test-6914	\N	<p>deskripsi</p>\n	seminar	2021-02-25 09:49:42.464+00	2021-02-25 09:50:44.705+00
9	Judul Baru	-	2021-03-01 11:00:00+00	0	Jalan Panjang	11	judul-baru-3106	course/d50992385e69c312de6450f4448d3552-b0603dfcc25334a2f207e59b5e1ee5e3.png	<ul>\n<li>Tes Judul</li>\n<li>2asdf2&nbsp;</li>\n</ul>\n<ol>\n<li>3224234</li>\n<li>sdfgsdgf</li>\n<li>sdfg</li>\n</ol>\n<blockquote>Ini quote</blockquote>\n<p>asdfasdf</p>\n	seminar	2021-02-26 08:04:08.631+00	2021-02-26 08:04:08.631+00
10	Kemanusiaan 	-	2021-02-26 09:15:00+00	0	Jauh deh 	1	kemanusiaan-9717	course/247e0eefde3a70bf756eb08ec54bb192-nature_mountain_forest_landscape_fog_house_tree_ultrahd_4k_wallpaper_3840x2160.jpg	<p>harus jaga kemanusaiaan yang adil dan beradab</p>\n	seminar	2021-02-26 08:04:11.977+00	2021-02-26 08:04:11.977+00
11	PERTOLONGAN PERTAMA HURU HARA	Huru hara di sebabkan dengan ketidak pastian mantan 	2022-03-09 03:30:00+00	0	bandung lautan susu	13	pertolontgan-pertama-huru-hara-1799	course/bf25c5df71b21194cf6d4371e5cae03a-house_snow_trees_199590_3840x2160 (1).jpg	<p><strong>HAL YANG DIDAPAT OLEH PESERTA:</strong></p>\n<p> Keterampilan cara melakukan <em>Memorable Presentation.</em></p>\n<p> Keterampilan persiapan memfasilitasi.</p>\n<p> Keterampilan mengelola saat memfasilitasi kepada publik.</p>\n<p> Pengetahuan tips-tips saat memfasilitasi.</p>\n<p> Praktik secara langsung proses fasilitasi.</p>\n<p> Pengalaman berharga webinar.</p>\n<p>Bersama fasilitator profesional yang telah tersertifikasi internasional, materi disajikan dengan metode daring yang menyenangkan bagi peserta.</p>\n	training	2021-03-01 08:41:10.868+00	2021-03-02 04:18:42.447+00
\.


--
-- Data for Name: galleries; Type: TABLE DATA; Schema: public; Owner: badiklatpmi-dev
--

COPY public.galleries (id, title, description, slug, "createdAt", "updatedAt") FROM stdin;
3	Pariatur labore ut veniam ex fugiat ullamco adipisicing mollit culpa eiusmod.	Sint veniam aliqua laboris nisi ullamco anim commodo. Ea pariatur quis quis commodo nisi excepteur laboris eiusmod nulla eu et fugiat. Officia laborum fugiat elit nisi cillum mollit tempor. Elit aliqua nulla laboris et laborum Lorem reprehenderit deserunt nostrud nostrud pariatur voluptate. Eu nostrud commodo adipisicing consectetur excepteur incididunt. Est incididunt qui amet incididunt fugiat.	lorem-de-ipsum-dolor-3242	2021-02-08 03:33:26.772323+00	2021-02-08 03:33:26.772323+00
8	Cobain	Ini description	cobain-3104	2021-02-10 10:29:17.749+00	2021-02-10 10:29:17.749+00
10	Tes Galeri	Deskripsi	tes-galeri-1214	2021-02-26 07:54:29.191+00	2021-02-26 07:54:29.191+00
11	Test Gallery 	banyak macam 	test-gallery-2642	2021-02-26 07:54:50.27+00	2021-02-26 07:54:50.27+00
12	Test Bund 	Pertualangan sherina 	test-bund-5490	2021-03-01 08:07:51.755+00	2021-03-01 08:07:51.755+00
13	test foto	test 123 foto	test-foto-8494	2021-03-01 08:07:57.937+00	2021-03-01 08:07:57.937+00
14	Floor Wardens Training 	Palang Merah Indonesia melaksanakan pelatihan kepada Floors Warden PT. Prudential Indonesia di bulan Maret 2020. Materi pelatihan dikembangkan dari program Safe Steps Natural Disasters kerjasama Prudence Foundation dengan IFRC. Peserta diberikan materi dengan metode menyenangkan, bersama tim melakukan kegiatan-kegiatan outbound dan mempelajari penyelamatan dasar di air.	floor-wardens-training-4074	2021-03-22 03:38:00.423+00	2021-03-22 03:38:00.423+00
15	Safe Steps  Prudential	Pelatihan Life Safety dilaksanakan di Medan, Sumatera Utara kepada agen-agen Prudential wilayah Sumatera pada akhir tahun 2019. Keterampilan pertolongan pertama dan kesiapsiagaan bencana di wilayah pesisir dilakukan secara menyenangkan bersama tim pelatih PMI. Tambahan keterampilan lain yang dipelajari adalah pertolongan dari air dengan metode yang sangat mudah.	safe-steps-prudential-7960	2021-03-22 05:09:54.613+00	2021-03-22 05:09:54.613+00
\.


--
-- Data for Name: gallery_directories; Type: TABLE DATA; Schema: public; Owner: badiklatpmi-dev
--

COPY public.gallery_directories (id, name, description, "imageUri", "parentId", "createdAt", "updatedAt") FROM stdin;
\.


--
-- Data for Name: gallery_items; Type: TABLE DATA; Schema: public; Owner: badiklatpmi-dev
--

COPY public.gallery_items (id, "videoUri", "imageUri", title, description, "galleryId", "createdAt", "updatedAt") FROM stdin;
11	yu4ZRQuTDG8	gallery/58b65e19b5b61b0d895f27a9f6f38eea-b0603dfcc25334a2f207e59b5e1ee5e3.png	Gambar 1	Desripsi 1	10	2021-02-26 07:57:14.604+00	2021-02-26 07:57:14.604+00
12	\N	gallery/e0e73fbfc88298fb275ef282e56f697a-nature_lake_landscape_reflection_fog_mountain_ice_natonal_park_tree_ultrahd_4k_wallpaper_3840x2160.jpg	Pemandangan 	gambar 1 ya	11	2021-02-26 07:57:41.59+00	2021-02-26 07:57:41.59+00
13	yu4ZRQuTDG8	\N	Video 1	Video 1	11	2021-02-26 07:58:18.358+00	2021-02-26 07:58:18.358+00
14	\N	gallery/c8c4ac58e00dafdcd9da6430673f1a65-dahlia_buds_red_129831_3840x2160.jpg	Gahagia ya selalu	ulalalalala	12	2021-03-01 08:25:32.604+00	2021-03-01 08:25:32.604+00
16	9ZwHysBWjW0	\N	Video WOW	KEREEN...............!!!	12	2021-03-01 08:32:13.777+00	2021-03-01 08:32:13.777+00
17	\N	gallery/44acc4ddb37caf4928e5931b39b22772-b0603dfcc25334a2f207e59b5e1ee5e3.png	Gambar	gambar	3	2021-03-02 08:51:34.455+00	2021-03-02 08:51:34.455+00
18	\N	gallery/36a78a1ef275efa83b8b69a5ef5d377b-b0603dfcc25334a2f207e59b5e1ee5e3.png	asdf	sdaf	13	2021-03-02 08:52:06.134+00	2021-03-02 08:52:06.134+00
19	\N	gallery/a6d0f9e24786d0f9b270909678c30ee2-b0603dfcc25334a2f207e59b5e1ee5e3.png	hahaha	hihihi	8	2021-03-02 08:57:07.156+00	2021-03-02 08:57:07.156+00
20	\N	gallery/5ee0324f692bd9f50c05d03b94887f4b-Foto Gallery (2).jpeg	Floor Wardens Training	Palang Merah Indonesia melaksanakan pelatihan kepada Floors Warden PT. Prudential Indonesia di bulan Maret 2020. Materi pelatihan dikembangkan dari program Safe Steps Natural Disasters kerjasama Prudence Foundation dengan IFRC. Peserta diberikan materi dengan metode menyenangkan, bersama tim melakukan kegiatan-kegiatan outbound dan mempelajari penyelamatan dasar di air.	14	2021-03-22 03:46:57.934+00	2021-03-22 03:46:57.934+00
21	6fvWTHTJ5N8	\N	Floor Wardens Training 	Palang Merah Indonesia melaksanakan pelatihan kepada Floors Warden PT. Prudential Indonesia di bulan Maret 2020. Materi pelatihan dikembangkan dari program Safe Steps Natural Disasters kerjasama Prudence Foundation dengan IFRC. Peserta diberikan materi dengan metode menyenangkan, bersama tim melakukan kegiatan-kegiatan outbound dan mempelajari penyelamatan dasar di air.	14	2021-03-22 04:15:03.395+00	2021-03-22 04:15:03.395+00
22	\N	gallery/eca2a4589b6af990fd5119c36da994f3-Foto Gallery (3).jpeg	Floor Wardens Training 	Palang Merah Indonesia melaksanakan pelatihan kepada Floors Warden PT. Prudential Indonesia di bulan Maret 2020. Materi pelatihan dikembangkan dari program Safe Steps Natural Disasters kerjasama Prudence Foundation dengan IFRC. Peserta diberikan materi dengan metode menyenangkan, bersama tim melakukan kegiatan-kegiatan outbound dan mempelajari penyelamatan dasar di air.	14	2021-03-22 04:17:18.648+00	2021-03-22 04:17:18.648+00
23	\N	gallery/64d15ebd55ea9cbd5fc10261ae1bbad2-Foto Gallery (4).jpeg	Floor Wardens Training 	Palang Merah Indonesia melaksanakan pelatihan kepada Floors Warden PT. Prudential Indonesia di bulan Maret 2020. Materi pelatihan dikembangkan dari program Safe Steps Natural Disasters kerjasama Prudence Foundation dengan IFRC. Peserta diberikan materi dengan metode menyenangkan, bersama tim melakukan kegiatan-kegiatan outbound dan mempelajari penyelamatan dasar di air.	14	2021-03-22 04:20:51.489+00	2021-03-22 04:20:51.489+00
24	\N	gallery/ddc78a01ac1b8f0e33f36c3dfceeeed9-Foto Gallery (5).jpeg	Floor Wardens Training 	Palang Merah Indonesia melaksanakan pelatihan kepada Floors Warden PT. Prudential Indonesia di bulan Maret 2020. Materi pelatihan dikembangkan dari program Safe Steps Natural Disasters kerjasama Prudence Foundation dengan IFRC. Peserta diberikan materi dengan metode menyenangkan, bersama tim melakukan kegiatan-kegiatan outbound dan mempelajari penyelamatan dasar di air.	14	2021-03-22 04:21:51.143+00	2021-03-22 04:21:51.143+00
26	\N	gallery/0474a1ea90474ed69c96bafb8d3ea8dc-Foto Gallery (7).jpeg	Floor Wardens Training 	Palang Merah Indonesia melaksanakan pelatihan kepada Floors Warden PT. Prudential Indonesia di bulan Maret 2020. Materi pelatihan dikembangkan dari program Safe Steps Natural Disasters kerjasama Prudence Foundation dengan IFRC. Peserta diberikan materi dengan metode menyenangkan, bersama tim melakukan kegiatan-kegiatan outbound dan mempelajari penyelamatan dasar di air.	14	2021-03-22 04:28:58.85+00	2021-03-22 04:28:58.85+00
27	\N	gallery/43aed5a575bc44b5dac6cc6655ceb4c1-Foto Gallery (6).jpeg	Floor Wardens Training 	Palang Merah Indonesia melaksanakan pelatihan kepada Floors Warden PT. Prudential Indonesia di bulan Maret 2020. Materi pelatihan dikembangkan dari program Safe Steps Natural Disasters kerjasama Prudence Foundation dengan IFRC. Peserta diberikan materi dengan metode menyenangkan, bersama tim melakukan kegiatan-kegiatan outbound dan mempelajari penyelamatan dasar di air.	14	2021-03-22 04:36:35.068+00	2021-03-22 04:36:35.068+00
28	\N	gallery/193e3123697ee384095d4df6b9d03220-Foto Gallery (8).jpeg	Floor Wardens Training 	Palang Merah Indonesia melaksanakan pelatihan kepada Floors Warden PT. Prudential Indonesia di bulan Maret 2020. Materi pelatihan dikembangkan dari program Safe Steps Natural Disasters kerjasama Prudence Foundation dengan IFRC. Peserta diberikan materi dengan metode menyenangkan, bersama tim melakukan kegiatan-kegiatan outbound dan mempelajari penyelamatan dasar di air.	14	2021-03-22 04:37:32.434+00	2021-03-22 04:37:32.434+00
29	\N	gallery/b441da4fa3ed6dc9bbf960def00420d6-Foto Gallery (9).jpeg	Floor Wardens Training 	Palang Merah Indonesia melaksanakan pelatihan kepada Floors Warden PT. Prudential Indonesia di bulan Maret 2020. Materi pelatihan dikembangkan dari program Safe Steps Natural Disasters kerjasama Prudence Foundation dengan IFRC. Peserta diberikan materi dengan metode menyenangkan, bersama tim melakukan kegiatan-kegiatan outbound dan mempelajari penyelamatan dasar di air.	14	2021-03-22 04:38:13.616+00	2021-03-22 04:38:13.616+00
30	\N	gallery/64fc390f22be8582a888b3d995b27fdc-Foto Gallery (10).jpeg	Floor Wardens Training 	Palang Merah Indonesia melaksanakan pelatihan kepada Floors Warden PT. Prudential Indonesia di bulan Maret 2020. Materi pelatihan dikembangkan dari program Safe Steps Natural Disasters kerjasama Prudence Foundation dengan IFRC. Peserta diberikan materi dengan metode menyenangkan, bersama tim melakukan kegiatan-kegiatan outbound dan mempelajari penyelamatan dasar di air.	14	2021-03-22 04:40:00.837+00	2021-03-22 04:40:00.837+00
31	\N	gallery/bf4c1e89cf9ba023e6a3a520eaeaf7b0-Foto Gallery (11).jpeg	Floor Wardens Training 	Palang Merah Indonesia melaksanakan pelatihan kepada Floors Warden PT. Prudential Indonesia di bulan Maret 2020. Materi pelatihan dikembangkan dari program Safe Steps Natural Disasters kerjasama Prudence Foundation dengan IFRC. Peserta diberikan materi dengan metode menyenangkan, bersama tim melakukan kegiatan-kegiatan outbound dan mempelajari penyelamatan dasar di air.	14	2021-03-22 04:40:27.389+00	2021-03-22 04:40:27.389+00
32	\N	gallery/68b0bf33cda4cddc85399556c0f79b0d-Foto Gallery (12).jpeg	Floor Wardens Training 	Palang Merah Indonesia melaksanakan pelatihan kepada Floors Warden PT. Prudential Indonesia di bulan Maret 2020. Materi pelatihan dikembangkan dari program Safe Steps Natural Disasters kerjasama Prudence Foundation dengan IFRC. Peserta diberikan materi dengan metode menyenangkan, bersama tim melakukan kegiatan-kegiatan outbound dan mempelajari penyelamatan dasar di air.	14	2021-03-22 04:41:10.936+00	2021-03-22 04:41:10.936+00
33	\N	gallery/a918a2a5463ca73944aebd9dc923e4ce-Foto Gallery (13).jpeg	Floor Wardens Training 	Palang Merah Indonesia melaksanakan pelatihan kepada Floors Warden PT. Prudential Indonesia di bulan Maret 2020. Materi pelatihan dikembangkan dari program Safe Steps Natural Disasters kerjasama Prudence Foundation dengan IFRC. Peserta diberikan materi dengan metode menyenangkan, bersama tim melakukan kegiatan-kegiatan outbound dan mempelajari penyelamatan dasar di air.	14	2021-03-22 04:41:28.214+00	2021-03-22 04:41:28.214+00
34	\N	gallery/5008aaa288eeae9318282a946be1dc28-Foto Gallery (1).jpeg	Safe Steps  Prudential	Pelatihan Life Safety dilaksanakan di Medan, Sumatera Utara kepada agen-agen Prudential wilayah Sumatera pada akhir tahun 2019. Keterampilan pertolongan pertama dan kesiapsiagaan bencana di wilayah pesisir dilakukan secara menyenangkan bersama tim pelatih PMI. Tambahan keterampilan lain yang dipelajari adalah pertolongan dari air dengan metode yang sangat mudah.	15	2021-03-22 05:12:18.545+00	2021-03-22 05:12:18.545+00
\.


--
-- Data for Name: image_puzzle_grids; Type: TABLE DATA; Schema: public; Owner: badiklatpmi-dev
--

COPY public.image_puzzle_grids (id, "imageUri", "imagePuzzleId", "puzzleOrder", "answerOrder", "createdAt", "updatedAt") FROM stdin;
1	online-course/attachment/0e76b6475e83d068fcf2ca3536d7a624-Screen Shot 2020-09-02 at 10.07.29.png	1	1	1	2021-02-08 03:33:25.427315+00	2021-02-08 03:33:25.427315+00
2	online-course/attachment/0e76b6475e83d068fcf2ca3536d7a624-Screen Shot 2020-09-02 at 10.07.29.png	1	2	2	2021-02-08 03:33:25.427315+00	2021-02-08 03:33:25.427315+00
3	online-course/attachment/0e76b6475e83d068fcf2ca3536d7a624-Screen Shot 2020-09-02 at 10.07.29.png	1	3	3	2021-02-08 03:33:25.427315+00	2021-02-08 03:33:25.427315+00
4	online-course/attachment/0e76b6475e83d068fcf2ca3536d7a624-Screen Shot 2020-09-02 at 10.07.29.png	1	4	4	2021-02-08 03:33:25.427315+00	2021-02-08 03:33:25.427315+00
5	online-course/attachment/0e76b6475e83d068fcf2ca3536d7a624-Screen Shot 2020-09-02 at 10.07.29.png	1	5	5	2021-02-08 03:33:25.427315+00	2021-02-08 03:33:25.427315+00
6	online-course/attachment/0e76b6475e83d068fcf2ca3536d7a624-Screen Shot 2020-09-02 at 10.07.29.png	1	6	6	2021-02-08 03:33:25.427315+00	2021-02-08 03:33:25.427315+00
7	online-course/attachment/0e76b6475e83d068fcf2ca3536d7a624-Screen Shot 2020-09-02 at 10.07.29.png	1	7	7	2021-02-08 03:33:25.427315+00	2021-02-08 03:33:25.427315+00
8	online-course/attachment/0e76b6475e83d068fcf2ca3536d7a624-Screen Shot 2020-09-02 at 10.07.29.png	1	8	8	2021-02-08 03:33:25.427315+00	2021-02-08 03:33:25.427315+00
9	online-course/attachment/0e76b6475e83d068fcf2ca3536d7a624-Screen Shot 2020-09-02 at 10.07.29.png	1	9	9	2021-02-08 03:33:25.427315+00	2021-02-08 03:33:25.427315+00
10	online-course/attachment/0e76b6475e83d068fcf2ca3536d7a624-Screen Shot 2020-09-02 at 10.07.29.png	2	1	1	2021-02-08 03:33:25.427315+00	2021-02-08 03:33:25.427315+00
11	online-course/attachment/0e76b6475e83d068fcf2ca3536d7a624-Screen Shot 2020-09-02 at 10.07.29.png	2	2	2	2021-02-08 03:33:25.427315+00	2021-02-08 03:33:25.427315+00
12	online-course/attachment/0e76b6475e83d068fcf2ca3536d7a624-Screen Shot 2020-09-02 at 10.07.29.png	2	3	3	2021-02-08 03:33:25.427315+00	2021-02-08 03:33:25.427315+00
13	online-course/attachment/0e76b6475e83d068fcf2ca3536d7a624-Screen Shot 2020-09-02 at 10.07.29.png	2	4	4	2021-02-08 03:33:25.427315+00	2021-02-08 03:33:25.427315+00
14	online-course/attachment/0e76b6475e83d068fcf2ca3536d7a624-Screen Shot 2020-09-02 at 10.07.29.png	2	5	5	2021-02-08 03:33:25.427315+00	2021-02-08 03:33:25.427315+00
15	online-course/attachment/0e76b6475e83d068fcf2ca3536d7a624-Screen Shot 2020-09-02 at 10.07.29.png	2	6	6	2021-02-08 03:33:25.427315+00	2021-02-08 03:33:25.427315+00
16	online-course/attachment/0e76b6475e83d068fcf2ca3536d7a624-Screen Shot 2020-09-02 at 10.07.29.png	2	7	7	2021-02-08 03:33:25.427315+00	2021-02-08 03:33:25.427315+00
17	online-course/attachment/0e76b6475e83d068fcf2ca3536d7a624-Screen Shot 2020-09-02 at 10.07.29.png	2	8	8	2021-02-08 03:33:25.427315+00	2021-02-08 03:33:25.427315+00
18	online-course/attachment/0e76b6475e83d068fcf2ca3536d7a624-Screen Shot 2020-09-02 at 10.07.29.png	2	9	9	2021-02-08 03:33:25.427315+00	2021-02-08 03:33:25.427315+00
19	online-course/attachment/0e76b6475e83d068fcf2ca3536d7a624-Screen Shot 2020-09-02 at 10.07.29.png	3	1	1	2021-02-08 03:33:25.427315+00	2021-02-08 03:33:25.427315+00
20	online-course/attachment/0e76b6475e83d068fcf2ca3536d7a624-Screen Shot 2020-09-02 at 10.07.29.png	3	2	2	2021-02-08 03:33:25.427315+00	2021-02-08 03:33:25.427315+00
21	online-course/attachment/0e76b6475e83d068fcf2ca3536d7a624-Screen Shot 2020-09-02 at 10.07.29.png	3	3	3	2021-02-08 03:33:25.427315+00	2021-02-08 03:33:25.427315+00
22	online-course/attachment/0e76b6475e83d068fcf2ca3536d7a624-Screen Shot 2020-09-02 at 10.07.29.png	3	4	4	2021-02-08 03:33:25.427315+00	2021-02-08 03:33:25.427315+00
23	online-course/attachment/0e76b6475e83d068fcf2ca3536d7a624-Screen Shot 2020-09-02 at 10.07.29.png	3	5	5	2021-02-08 03:33:25.427315+00	2021-02-08 03:33:25.427315+00
24	online-course/attachment/0e76b6475e83d068fcf2ca3536d7a624-Screen Shot 2020-09-02 at 10.07.29.png	3	6	6	2021-02-08 03:33:25.427315+00	2021-02-08 03:33:25.427315+00
25	online-course/attachment/0e76b6475e83d068fcf2ca3536d7a624-Screen Shot 2020-09-02 at 10.07.29.png	3	7	7	2021-02-08 03:33:25.427315+00	2021-02-08 03:33:25.427315+00
26	online-course/attachment/0e76b6475e83d068fcf2ca3536d7a624-Screen Shot 2020-09-02 at 10.07.29.png	3	8	8	2021-02-08 03:33:25.427315+00	2021-02-08 03:33:25.427315+00
27	online-course/attachment/0e76b6475e83d068fcf2ca3536d7a624-Screen Shot 2020-09-02 at 10.07.29.png	3	9	9	2021-02-08 03:33:25.427315+00	2021-02-08 03:33:25.427315+00
28	online-course/attachment/0e76b6475e83d068fcf2ca3536d7a624-Screen Shot 2020-09-02 at 10.07.29.png	4	1	1	2021-02-08 03:33:25.427315+00	2021-02-08 03:33:25.427315+00
29	online-course/attachment/0e76b6475e83d068fcf2ca3536d7a624-Screen Shot 2020-09-02 at 10.07.29.png	4	2	2	2021-02-08 03:33:25.427315+00	2021-02-08 03:33:25.427315+00
30	online-course/attachment/0e76b6475e83d068fcf2ca3536d7a624-Screen Shot 2020-09-02 at 10.07.29.png	4	3	3	2021-02-08 03:33:25.427315+00	2021-02-08 03:33:25.427315+00
31	online-course/attachment/0e76b6475e83d068fcf2ca3536d7a624-Screen Shot 2020-09-02 at 10.07.29.png	4	4	4	2021-02-08 03:33:25.427315+00	2021-02-08 03:33:25.427315+00
32	online-course/attachment/0e76b6475e83d068fcf2ca3536d7a624-Screen Shot 2020-09-02 at 10.07.29.png	4	5	5	2021-02-08 03:33:25.427315+00	2021-02-08 03:33:25.427315+00
33	online-course/attachment/0e76b6475e83d068fcf2ca3536d7a624-Screen Shot 2020-09-02 at 10.07.29.png	4	6	6	2021-02-08 03:33:25.427315+00	2021-02-08 03:33:25.427315+00
34	online-course/attachment/0e76b6475e83d068fcf2ca3536d7a624-Screen Shot 2020-09-02 at 10.07.29.png	4	7	7	2021-02-08 03:33:25.427315+00	2021-02-08 03:33:25.427315+00
35	online-course/attachment/0e76b6475e83d068fcf2ca3536d7a624-Screen Shot 2020-09-02 at 10.07.29.png	4	8	8	2021-02-08 03:33:25.427315+00	2021-02-08 03:33:25.427315+00
36	online-course/attachment/0e76b6475e83d068fcf2ca3536d7a624-Screen Shot 2020-09-02 at 10.07.29.png	4	9	9	2021-02-08 03:33:25.427315+00	2021-02-08 03:33:25.427315+00
37	online-course/attachment/0e76b6475e83d068fcf2ca3536d7a624-Screen Shot 2020-09-02 at 10.07.29.png	5	1	1	2021-02-08 03:33:25.427315+00	2021-02-08 03:33:25.427315+00
38	online-course/attachment/0e76b6475e83d068fcf2ca3536d7a624-Screen Shot 2020-09-02 at 10.07.29.png	5	2	2	2021-02-08 03:33:25.427315+00	2021-02-08 03:33:25.427315+00
39	online-course/attachment/0e76b6475e83d068fcf2ca3536d7a624-Screen Shot 2020-09-02 at 10.07.29.png	5	3	3	2021-02-08 03:33:25.427315+00	2021-02-08 03:33:25.427315+00
40	online-course/attachment/0e76b6475e83d068fcf2ca3536d7a624-Screen Shot 2020-09-02 at 10.07.29.png	5	4	4	2021-02-08 03:33:25.427315+00	2021-02-08 03:33:25.427315+00
41	online-course/attachment/0e76b6475e83d068fcf2ca3536d7a624-Screen Shot 2020-09-02 at 10.07.29.png	5	5	5	2021-02-08 03:33:25.427315+00	2021-02-08 03:33:25.427315+00
42	online-course/attachment/0e76b6475e83d068fcf2ca3536d7a624-Screen Shot 2020-09-02 at 10.07.29.png	5	6	6	2021-02-08 03:33:25.427315+00	2021-02-08 03:33:25.427315+00
43	online-course/attachment/0e76b6475e83d068fcf2ca3536d7a624-Screen Shot 2020-09-02 at 10.07.29.png	5	7	7	2021-02-08 03:33:25.427315+00	2021-02-08 03:33:25.427315+00
44	online-course/attachment/0e76b6475e83d068fcf2ca3536d7a624-Screen Shot 2020-09-02 at 10.07.29.png	5	8	8	2021-02-08 03:33:25.427315+00	2021-02-08 03:33:25.427315+00
45	online-course/attachment/0e76b6475e83d068fcf2ca3536d7a624-Screen Shot 2020-09-02 at 10.07.29.png	5	9	9	2021-02-08 03:33:25.427315+00	2021-02-08 03:33:25.427315+00
\.


--
-- Data for Name: image_puzzles; Type: TABLE DATA; Schema: public; Owner: badiklatpmi-dev
--

COPY public.image_puzzles (id, "gridWidth", "gridHeight", "questionId", "createdAt", "updatedAt") FROM stdin;
1	3	3	3	2021-02-08 03:33:25.427315+00	2021-02-08 03:33:25.427315+00
2	3	3	8	2021-02-08 03:33:25.427315+00	2021-02-08 03:33:25.427315+00
3	3	3	13	2021-02-08 03:33:25.427315+00	2021-02-08 03:33:25.427315+00
4	3	3	18	2021-02-08 03:33:25.427315+00	2021-02-08 03:33:25.427315+00
5	3	3	23	2021-02-08 03:33:25.427315+00	2021-02-08 03:33:25.427315+00
\.


--
-- Data for Name: match_puzzle_items; Type: TABLE DATA; Schema: public; Owner: badiklatpmi-dev
--

COPY public.match_puzzle_items (id, content, "imageUri", "matchPuzzleRowPuzzleId", "matchPuzzleRowAnswerId", "createdAt", "updatedAt") FROM stdin;
1	Eiusmod est ad cillum dolore ut laborum et adipisicing eu.	online-course/attachment/5e4cc06c78f35e4c781b03f25f252537-Screen%20Shot%202020-06-25%20at%2013.56.50.png	1	2	2021-02-08 03:33:25.601406+00	2021-02-08 03:33:25.601406+00
2	Proident incididunt eiusmod amet minim amet id amet dolor commodo nulla proident.	online-course/attachment/5e4cc06c78f35e4c781b03f25f252537-Screen%20Shot%202020-06-25%20at%2013.56.50.png	2	1	2021-02-08 03:33:25.601406+00	2021-02-08 03:33:25.601406+00
3	Consequat qui tempor nulla ut exercitation dolore esse.	online-course/attachment/5e4cc06c78f35e4c781b03f25f252537-Screen%20Shot%202020-06-25%20at%2013.56.50.png	3	4	2021-02-08 03:33:25.601406+00	2021-02-08 03:33:25.601406+00
4	Cillum dolore reprehenderit aliquip nisi ut in est cillum do elit pariatur occaecat.	online-course/attachment/5e4cc06c78f35e4c781b03f25f252537-Screen%20Shot%202020-06-25%20at%2013.56.50.png	4	3	2021-02-08 03:33:25.601406+00	2021-02-08 03:33:25.601406+00
5	Non enim Lorem non fugiat aliquip irure nisi est consequat tempor tempor in.	online-course/attachment/5e4cc06c78f35e4c781b03f25f252537-Screen%20Shot%202020-06-25%20at%2013.56.50.png	5	6	2021-02-08 03:33:25.601406+00	2021-02-08 03:33:25.601406+00
6	Esse aliquip ex adipisicing excepteur cupidatat consectetur enim officia mollit nisi do pariatur tempor culpa.	online-course/attachment/5e4cc06c78f35e4c781b03f25f252537-Screen%20Shot%202020-06-25%20at%2013.56.50.png	6	5	2021-02-08 03:33:25.601406+00	2021-02-08 03:33:25.601406+00
7	Ea elit magna est occaecat ad.	online-course/attachment/5e4cc06c78f35e4c781b03f25f252537-Screen%20Shot%202020-06-25%20at%2013.56.50.png	7	8	2021-02-08 03:33:25.601406+00	2021-02-08 03:33:25.601406+00
8	Ut excepteur consectetur in qui mollit esse Lorem incididunt deserunt aute ex.	online-course/attachment/5e4cc06c78f35e4c781b03f25f252537-Screen%20Shot%202020-06-25%20at%2013.56.50.png	8	7	2021-02-08 03:33:25.601406+00	2021-02-08 03:33:25.601406+00
9	Elit velit velit aliqua magna et irure.	online-course/attachment/5e4cc06c78f35e4c781b03f25f252537-Screen%20Shot%202020-06-25%20at%2013.56.50.png	9	10	2021-02-08 03:33:25.601406+00	2021-02-08 03:33:25.601406+00
10	Ea laboris proident proident nostrud eu.	online-course/attachment/5e4cc06c78f35e4c781b03f25f252537-Screen%20Shot%202020-06-25%20at%2013.56.50.png	10	9	2021-02-08 03:33:25.601406+00	2021-02-08 03:33:25.601406+00
\.


--
-- Data for Name: match_puzzle_rows; Type: TABLE DATA; Schema: public; Owner: badiklatpmi-dev
--

COPY public.match_puzzle_rows (id, "matchPuzzleId", "order", content, "imageUri", "createdAt", "updatedAt") FROM stdin;
1	1	1	Nisi dolore eu laborum deserunt.	online-course/attachment/5e4cc06c78f35e4c781b03f25f252537-Screen%20Shot%202020-06-25%20at%2013.56.50.png	2021-02-08 03:33:25.601406+00	2021-02-08 03:33:25.601406+00
2	1	2	In dolore enim laboris velit commodo minim nisi cillum amet.	online-course/attachment/5e4cc06c78f35e4c781b03f25f252537-Screen%20Shot%202020-06-25%20at%2013.56.50.png	2021-02-08 03:33:25.601406+00	2021-02-08 03:33:25.601406+00
3	2	1	Eu incididunt ullamco culpa non consequat est tempor sit.	online-course/attachment/5e4cc06c78f35e4c781b03f25f252537-Screen%20Shot%202020-06-25%20at%2013.56.50.png	2021-02-08 03:33:25.601406+00	2021-02-08 03:33:25.601406+00
4	2	2	Magna occaecat magna do veniam nostrud cupidatat cupidatat Lorem aliqua labore magna.	online-course/attachment/5e4cc06c78f35e4c781b03f25f252537-Screen%20Shot%202020-06-25%20at%2013.56.50.png	2021-02-08 03:33:25.601406+00	2021-02-08 03:33:25.601406+00
5	3	1	Elit cupidatat adipisicing elit culpa minim.	online-course/attachment/5e4cc06c78f35e4c781b03f25f252537-Screen%20Shot%202020-06-25%20at%2013.56.50.png	2021-02-08 03:33:25.601406+00	2021-02-08 03:33:25.601406+00
6	3	2	Est nisi fugiat ipsum consequat ullamco.	online-course/attachment/5e4cc06c78f35e4c781b03f25f252537-Screen%20Shot%202020-06-25%20at%2013.56.50.png	2021-02-08 03:33:25.601406+00	2021-02-08 03:33:25.601406+00
7	4	1	Sint non officia laborum occaecat veniam.	online-course/attachment/5e4cc06c78f35e4c781b03f25f252537-Screen%20Shot%202020-06-25%20at%2013.56.50.png	2021-02-08 03:33:25.601406+00	2021-02-08 03:33:25.601406+00
8	4	2	Ea voluptate dolore ad pariatur.	online-course/attachment/5e4cc06c78f35e4c781b03f25f252537-Screen%20Shot%202020-06-25%20at%2013.56.50.png	2021-02-08 03:33:25.601406+00	2021-02-08 03:33:25.601406+00
9	5	1	Consectetur nisi et duis ea ut labore aliquip amet deserunt aliqua tempor qui pariatur Lorem.	online-course/attachment/5e4cc06c78f35e4c781b03f25f252537-Screen%20Shot%202020-06-25%20at%2013.56.50.png	2021-02-08 03:33:25.601406+00	2021-02-08 03:33:25.601406+00
10	5	2	Irure minim labore consequat nisi velit veniam velit qui do fugiat cupidatat duis.	online-course/attachment/5e4cc06c78f35e4c781b03f25f252537-Screen%20Shot%202020-06-25%20at%2013.56.50.png	2021-02-08 03:33:25.601406+00	2021-02-08 03:33:25.601406+00
\.


--
-- Data for Name: match_puzzles; Type: TABLE DATA; Schema: public; Owner: badiklatpmi-dev
--

COPY public.match_puzzles (id, "questionId", "createdAt", "updatedAt") FROM stdin;
1	5	2021-02-08 03:33:25.601406+00	2021-02-08 03:33:25.601406+00
2	10	2021-02-08 03:33:25.601406+00	2021-02-08 03:33:25.601406+00
3	15	2021-02-08 03:33:25.601406+00	2021-02-08 03:33:25.601406+00
4	20	2021-02-08 03:33:25.601406+00	2021-02-08 03:33:25.601406+00
5	25	2021-02-08 03:33:25.601406+00	2021-02-08 03:33:25.601406+00
\.


--
-- Data for Name: module_question_sessions; Type: TABLE DATA; Schema: public; Owner: badiklatpmi-dev
--

COPY public.module_question_sessions (id, "orderItemId", "moduleId", "resultId", score, "isLast", "questionCount", "finishedAt", "createdAt", "updatedAt") FROM stdin;
6	6	5	5	3	f	5	2021-02-17 03:42:33.32+00	2021-02-17 03:38:30.773+00	2021-03-29 02:41:15.115+00
7	6	6	5	1	f	1	2021-03-04 03:34:16.174+00	2021-03-04 03:33:43.384+00	2021-03-29 02:41:15.115+00
8	6	7	5	1	t	1	2021-03-04 03:34:57.864+00	2021-03-04 03:34:46.918+00	2021-03-29 02:41:15.115+00
1	6	1	5	3	f	5	2021-02-16 07:39:30.601+00	2021-02-16 07:38:10.956+00	2021-03-29 02:41:15.115+00
2	6	1	5	3	f	5	2021-02-16 07:52:52.167+00	2021-02-16 07:40:30.406+00	2021-03-29 02:41:15.115+00
3	6	2	5	2	f	4	2021-02-16 07:57:26.387+00	2021-02-16 07:43:30.188+00	2021-03-29 02:41:15.115+00
4	6	3	5	4	f	7	2021-02-16 07:59:15.538+00	2021-02-16 07:44:00.794+00	2021-03-29 02:41:15.115+00
5	6	4	5	4	f	5	2021-02-17 03:36:17.123+00	2021-02-17 03:35:14.821+00	2021-03-29 02:41:15.115+00
10	6	1	\N	0	f	5	\N	2021-09-20 09:06:42.719+00	2021-09-20 09:06:42.719+00
9	6	2	\N	2	f	4	2021-09-20 09:13:29.983+00	2021-09-20 09:06:23.119+00	2021-09-20 09:13:30.38+00
11	1	1	\N	2	f	5	2022-03-14 04:39:11.582+00	2021-10-06 07:23:25.547+00	2022-03-14 04:39:11.628+00
12	1	2	\N	2	f	4	2022-03-14 04:40:28.705+00	2022-03-14 04:39:20.83+00	2022-03-14 04:40:28.785+00
13	1	3	\N	3	f	7	2022-03-14 04:41:38.676+00	2022-03-14 04:40:37.132+00	2022-03-14 04:41:38.7+00
\.


--
-- Data for Name: multiple_choice_items; Type: TABLE DATA; Schema: public; Owner: badiklatpmi-dev
--

COPY public.multiple_choice_items (id, content, "imageUri", "isAnswer", "order", "multipleChoiceId", "createdAt", "updatedAt") FROM stdin;
26	free	\N	t	0	6	2021-06-11 02:47:49.042+00	2021-06-11 02:47:49.042+00
27	ninja	\N	f	1	6	2021-06-11 02:47:49.042+00	2021-06-11 02:47:49.042+00
1	Adipisicing aliqua dolore amet nulla labore occaecat nulla.	online-course/attachment/5e4cc06c78f35e4c781b03f25f252537-Screen%20Shot%202020-06-25%20at%2013.56.50.png	f	1	1	2021-02-08 03:33:25.221333+00	2021-02-08 03:33:25.221333+00
2	Deserunt est velit sunt cillum eu elit ut duis aliquip reprehenderit tempor.	online-course/attachment/5e4cc06c78f35e4c781b03f25f252537-Screen%20Shot%202020-06-25%20at%2013.56.50.png	t	2	1	2021-02-08 03:33:25.221333+00	2021-02-08 03:33:25.221333+00
3	Adipisicing esse pariatur deserunt consequat Lorem id aliquip officia tempor culpa.	online-course/attachment/5e4cc06c78f35e4c781b03f25f252537-Screen%20Shot%202020-06-25%20at%2013.56.50.png	f	3	1	2021-02-08 03:33:25.221333+00	2021-02-08 03:33:25.221333+00
4	Sint aliquip ut culpa veniam magna sint eu cillum pariatur fugiat aliqua.	online-course/attachment/5e4cc06c78f35e4c781b03f25f252537-Screen%20Shot%202020-06-25%20at%2013.56.50.png	f	4	1	2021-02-08 03:33:25.221333+00	2021-02-08 03:33:25.221333+00
5	Et reprehenderit quis officia irure dolore.	online-course/attachment/5e4cc06c78f35e4c781b03f25f252537-Screen%20Shot%202020-06-25%20at%2013.56.50.png	f	5	1	2021-02-08 03:33:25.221333+00	2021-02-08 03:33:25.221333+00
6	Adipisicing aliqua dolore amet nulla labore occaecat nulla.	online-course/attachment/5e4cc06c78f35e4c781b03f25f252537-Screen%20Shot%202020-06-25%20at%2013.56.50.png	f	1	2	2021-02-08 03:33:25.221333+00	2021-02-08 03:33:25.221333+00
7	Deserunt est velit sunt cillum eu elit ut duis aliquip reprehenderit tempor.	online-course/attachment/5e4cc06c78f35e4c781b03f25f252537-Screen%20Shot%202020-06-25%20at%2013.56.50.png	t	2	2	2021-02-08 03:33:25.221333+00	2021-02-08 03:33:25.221333+00
8	Adipisicing esse pariatur deserunt consequat Lorem id aliquip officia tempor culpa.	online-course/attachment/5e4cc06c78f35e4c781b03f25f252537-Screen%20Shot%202020-06-25%20at%2013.56.50.png	f	3	2	2021-02-08 03:33:25.221333+00	2021-02-08 03:33:25.221333+00
9	Sint aliquip ut culpa veniam magna sint eu cillum pariatur fugiat aliqua.	online-course/attachment/5e4cc06c78f35e4c781b03f25f252537-Screen%20Shot%202020-06-25%20at%2013.56.50.png	f	4	2	2021-02-08 03:33:25.221333+00	2021-02-08 03:33:25.221333+00
10	Et reprehenderit quis officia irure dolore.	online-course/attachment/5e4cc06c78f35e4c781b03f25f252537-Screen%20Shot%202020-06-25%20at%2013.56.50.png	f	5	2	2021-02-08 03:33:25.221333+00	2021-02-08 03:33:25.221333+00
11	Adipisicing aliqua dolore amet nulla labore occaecat nulla.	online-course/attachment/5e4cc06c78f35e4c781b03f25f252537-Screen%20Shot%202020-06-25%20at%2013.56.50.png	f	1	3	2021-02-08 03:33:25.221333+00	2021-02-08 03:33:25.221333+00
12	Deserunt est velit sunt cillum eu elit ut duis aliquip reprehenderit tempor.	online-course/attachment/5e4cc06c78f35e4c781b03f25f252537-Screen%20Shot%202020-06-25%20at%2013.56.50.png	t	2	3	2021-02-08 03:33:25.221333+00	2021-02-08 03:33:25.221333+00
13	Adipisicing esse pariatur deserunt consequat Lorem id aliquip officia tempor culpa.	online-course/attachment/5e4cc06c78f35e4c781b03f25f252537-Screen%20Shot%202020-06-25%20at%2013.56.50.png	f	3	3	2021-02-08 03:33:25.221333+00	2021-02-08 03:33:25.221333+00
14	Sint aliquip ut culpa veniam magna sint eu cillum pariatur fugiat aliqua.	online-course/attachment/5e4cc06c78f35e4c781b03f25f252537-Screen%20Shot%202020-06-25%20at%2013.56.50.png	f	4	3	2021-02-08 03:33:25.221333+00	2021-02-08 03:33:25.221333+00
15	Et reprehenderit quis officia irure dolore.	online-course/attachment/5e4cc06c78f35e4c781b03f25f252537-Screen%20Shot%202020-06-25%20at%2013.56.50.png	f	5	3	2021-02-08 03:33:25.221333+00	2021-02-08 03:33:25.221333+00
16	Adipisicing aliqua dolore amet nulla labore occaecat nulla.	online-course/attachment/5e4cc06c78f35e4c781b03f25f252537-Screen%20Shot%202020-06-25%20at%2013.56.50.png	f	1	4	2021-02-08 03:33:25.221333+00	2021-02-08 03:33:25.221333+00
17	Deserunt est velit sunt cillum eu elit ut duis aliquip reprehenderit tempor.	online-course/attachment/5e4cc06c78f35e4c781b03f25f252537-Screen%20Shot%202020-06-25%20at%2013.56.50.png	t	2	4	2021-02-08 03:33:25.221333+00	2021-02-08 03:33:25.221333+00
18	Adipisicing esse pariatur deserunt consequat Lorem id aliquip officia tempor culpa.	online-course/attachment/5e4cc06c78f35e4c781b03f25f252537-Screen%20Shot%202020-06-25%20at%2013.56.50.png	f	3	4	2021-02-08 03:33:25.221333+00	2021-02-08 03:33:25.221333+00
19	Sint aliquip ut culpa veniam magna sint eu cillum pariatur fugiat aliqua.	online-course/attachment/5e4cc06c78f35e4c781b03f25f252537-Screen%20Shot%202020-06-25%20at%2013.56.50.png	f	4	4	2021-02-08 03:33:25.221333+00	2021-02-08 03:33:25.221333+00
20	Et reprehenderit quis officia irure dolore.	online-course/attachment/5e4cc06c78f35e4c781b03f25f252537-Screen%20Shot%202020-06-25%20at%2013.56.50.png	f	5	4	2021-02-08 03:33:25.221333+00	2021-02-08 03:33:25.221333+00
21	Adipisicing aliqua dolore amet nulla labore occaecat nulla.	online-course/attachment/5e4cc06c78f35e4c781b03f25f252537-Screen%20Shot%202020-06-25%20at%2013.56.50.png	f	1	5	2021-02-08 03:33:25.221333+00	2021-02-08 03:33:25.221333+00
22	Deserunt est velit sunt cillum eu elit ut duis aliquip reprehenderit tempor.	online-course/attachment/5e4cc06c78f35e4c781b03f25f252537-Screen%20Shot%202020-06-25%20at%2013.56.50.png	t	2	5	2021-02-08 03:33:25.221333+00	2021-02-08 03:33:25.221333+00
23	Adipisicing esse pariatur deserunt consequat Lorem id aliquip officia tempor culpa.	online-course/attachment/5e4cc06c78f35e4c781b03f25f252537-Screen%20Shot%202020-06-25%20at%2013.56.50.png	f	3	5	2021-02-08 03:33:25.221333+00	2021-02-08 03:33:25.221333+00
24	Sint aliquip ut culpa veniam magna sint eu cillum pariatur fugiat aliqua.	online-course/attachment/5e4cc06c78f35e4c781b03f25f252537-Screen%20Shot%202020-06-25%20at%2013.56.50.png	f	4	5	2021-02-08 03:33:25.221333+00	2021-02-08 03:33:25.221333+00
25	Et reprehenderit quis officia irure dolore.	online-course/attachment/5e4cc06c78f35e4c781b03f25f252537-Screen%20Shot%202020-06-25%20at%2013.56.50.png	f	5	5	2021-02-08 03:33:25.221333+00	2021-02-08 03:33:25.221333+00
\.


--
-- Data for Name: multiple_choices; Type: TABLE DATA; Schema: public; Owner: badiklatpmi-dev
--

COPY public.multiple_choices (id, "isMultipleSelection", "questionId", "createdAt", "updatedAt") FROM stdin;
1	f	2	2021-02-08 03:33:25.221333+00	2021-02-08 03:33:25.221333+00
2	f	7	2021-02-08 03:33:25.221333+00	2021-02-08 03:33:25.221333+00
3	f	12	2021-02-08 03:33:25.221333+00	2021-02-08 03:33:25.221333+00
4	f	17	2021-02-08 03:33:25.221333+00	2021-02-08 03:33:25.221333+00
5	f	22	2021-02-08 03:33:25.221333+00	2021-02-08 03:33:25.221333+00
6	f	28	2021-06-11 02:47:49.031+00	2021-06-11 02:47:49.031+00
\.


--
-- Data for Name: online_course_attachments; Type: TABLE DATA; Schema: public; Owner: badiklatpmi-dev
--

COPY public.online_course_attachments (id, name, description, "attachmentUri", "onlineCourseModuleId", "order", "createdAt", "updatedAt") FROM stdin;
\.


--
-- Data for Name: online_course_images; Type: TABLE DATA; Schema: public; Owner: badiklatpmi-dev
--

COPY public.online_course_images (id, title, description, "imageUri", "order", "onlineCourseModuleId", "createdAt", "updatedAt") FROM stdin;
1	Dolore non cillum et nulla laborum fugiat culpa ea duis eu magna.	Reprehenderit elit occaecat anim id aute eu Lorem est aliqua fugiat aliqua occaecat ut commodo. Commodo nulla ut elit incididunt pariatur pariatur et ea consectetur occaecat fugiat excepteur occaecat. Minim labore eiusmod cillum tempor fugiat labore labore excepteur commodo pariatur incididunt. Ipsum pariatur elit ut occaecat sint excepteur labore velit ipsum ipsum.	online-course/attachment/0e76b6475e83d068fcf2ca3536d7a624-Screen Shot 2020-09-02 at 10.07.29.png	1	1	2021-02-08 03:33:27.149591+00	2021-02-08 03:33:27.149591+00
2	Et dolore aliqua fugiat qui ea enim nulla voluptate reprehenderit esse esse veniam.	Et est laboris sint eu. Sunt proident pariatur magna qui excepteur ex ipsum sunt commodo irure adipisicing est magna. Laborum velit minim aliqua ipsum enim nostrud. Irure aliquip labore occaecat deserunt nostrud fugiat enim sint officia. Dolor adipisicing ullamco est nulla tempor irure sint commodo. Ea enim est culpa laborum ad mollit enim nostrud. Deserunt cillum aute est adipisicing proident aliqua.	online-course/attachment/0e76b6475e83d068fcf2ca3536d7a624-Screen Shot 2020-09-02 at 10.07.29.png	2	1	2021-02-08 03:33:27.149591+00	2021-02-08 03:33:27.149591+00
\.


--
-- Data for Name: online_course_modules; Type: TABLE DATA; Schema: public; Owner: badiklatpmi-dev
--

COPY public.online_course_modules (id, title, description, "imageUri", content, "order", "onlineCourseId", "requiredScore", "createdAt", "updatedAt") FROM stdin;
22	Test	test	online-course/module/4af7fca22d96241d37cf13c0f819e525-logo-2-putih@2x.png	Test	1	8	10	2021-06-11 02:33:12.175+00	2021-06-11 02:33:12.175+00
1	Cillum deserunt anim veniam sit cupidatat est non.	Cupidatat sunt fugiat ex excepteur laboris in consequat mollit occaecat consequat culpa nisi pariatur cillum. Occaecat eiusmod et elit nisi id culpa. Consectetur commodo mollit consectetur cupidatat Lorem.	\N	Minim culpa adipisicing et ut adipisicing incididunt Lorem. Consequat officia duis proident eiusmod consectetur culpa aliquip quis aliquip minim dolore laboris mollit. Et ullamco ea eiusmod nostrud sunt ullamco. Lorem culpa consectetur laboris nulla anim fugiat dolore excepteur amet velit sunt culpa laboris. Et aute non nostrud qui Lorem laborum est exercitation aute enim eiusmod reprehenderit. Amet proident quis aute fugiat dolor aliquip esse aliquip eu aliquip incididunt laborum commodo id.\n\nProident aute officia mollit sit aliquip occaecat Lorem. Labore dolor aliquip eiusmod aliqua anim veniam elit in laboris cillum do ex qui tempor. In cupidatat excepteur sint minim do. Sunt labore enim sint aute minim. Qui officia proident ipsum labore dolore non commodo aliquip ex id excepteur reprehenderit quis mollit. Fugiat sint enim culpa minim.\n\nPariatur proident laborum exercitation quis est aliquip ad consequat proident non. Duis pariatur deserunt nulla voluptate amet enim dolore ea est. Enim deserunt sit velit mollit aute in irure cupidatat. Occaecat tempor fugiat sit dolor duis ullamco sit proident quis ea dolore ex. Velit aliqua qui est minim dolore magna et esse cillum exercitation nostrud.\n\nAdipisicing pariatur pariatur est officia. Duis ad commodo amet sunt dolore amet. Nisi pariatur ad do minim incididunt voluptate laborum dolor ipsum sint.\n\nDuis eiusmod consequat anim eiusmod officia aliqua eu est culpa occaecat labore voluptate culpa irure. Adipisicing dolor commodo ad cillum proident ullamco quis eu esse ex cupidatat pariatur ut enim. Sunt laborum non pariatur enim non nulla voluptate sit adipisicing laborum occaecat. Amet reprehenderit ad enim do aute enim qui consequat proident non. Ut consequat tempor Lorem est labore ad anim tempor enim nisi et elit nisi.	1	1	10	2021-02-08 03:33:24.602379+00	2021-02-08 03:33:24.602379+00
2	Esse nisi velit sunt sunt ea deserunt.	Nulla veniam nostrud non irure dolor eiusmod pariatur cillum quis sunt in aliqua occaecat aliquip. Et laboris sit culpa veniam. Deserunt do velit cillum est anim fugiat aliquip labore qui proident. Commodo ut exercitation aute duis occaecat sunt eu labore. Deserunt labore in incididunt ullamco velit nostrud culpa nostrud commodo.	\N	Ut eiusmod exercitation ipsum ullamco nisi consequat culpa dolore irure mollit. Labore excepteur magna proident esse id. Adipisicing non nulla laboris pariatur fugiat Lorem id dolore laboris. Lorem adipisicing esse eiusmod est ad minim consequat labore ea. Cillum elit ad irure deserunt do sit incididunt quis tempor proident. Ea irure nulla sint anim esse nostrud duis nisi do consequat reprehenderit Lorem.\n\nUllamco elit pariatur irure voluptate veniam anim veniam dolore veniam nisi. Anim mollit minim in nulla aliqua. Veniam mollit sit velit magna do incididunt esse voluptate culpa. Ut veniam magna adipisicing veniam cillum aliquip sunt dolor.\n\nFugiat ipsum ut amet esse elit sint officia. Voluptate do adipisicing proident pariatur nostrud cupidatat ipsum aute aute dolore elit amet officia. Nulla nisi aute Lorem laborum veniam. Dolore proident proident commodo labore elit eiusmod. Amet mollit dolore ea sint anim ex consectetur nisi. Non deserunt ex exercitation enim nulla aliqua excepteur.\n\nVelit mollit amet non ipsum aliquip eu excepteur in incididunt nulla aute commodo. Voluptate commodo ipsum deserunt et cillum incididunt minim commodo voluptate sunt amet do est laborum. Fugiat nulla voluptate sit pariatur esse. Nisi elit deserunt elit anim laboris tempor veniam proident proident mollit dolore aliquip incididunt.\n\nMagna proident nisi duis veniam magna. Irure sunt aliqua non enim laboris tempor irure irure enim ullamco ea elit. Ullamco ullamco irure consequat velit do dolor et nulla. Enim esse ullamco labore deserunt. Nisi qui in ad eu dolore nostrud nulla ullamco. Nostrud eiusmod non minim et qui magna incididunt aliqua ad irure ex reprehenderit laboris anim. Lorem amet excepteur commodo veniam veniam pariatur quis sit nulla tempor.\n\nCulpa ad reprehenderit sunt et deserunt non minim officia sunt aliquip sint. Id ipsum voluptate amet in pariatur irure ullamco exercitation pariatur enim dolore magna adipisicing. Pariatur quis officia do aliqua enim elit excepteur aliqua irure cillum exercitation id.	2	1	10	2021-02-08 03:33:24.602379+00	2021-02-08 03:33:24.602379+00
3	Pariatur labore ut veniam ex fugiat ullamco adipisicing mollit culpa eiusmod.	Sint veniam aliqua laboris nisi ullamco anim commodo. Ea pariatur quis quis commodo nisi excepteur laboris eiusmod nulla eu et fugiat. Officia laborum fugiat elit nisi cillum mollit tempor. Elit aliqua nulla laboris et laborum Lorem reprehenderit deserunt nostrud nostrud pariatur voluptate. Eu nostrud commodo adipisicing consectetur excepteur incididunt. Est incididunt qui amet incididunt fugiat.	\N	Consequat laborum irure cupidatat culpa excepteur est eiusmod ut tempor duis laboris. Ex et dolor ex exercitation enim velit ipsum. In laboris voluptate exercitation dolore aute reprehenderit fugiat commodo. Aute commodo deserunt enim in enim et occaecat tempor veniam in sint consectetur Lorem laborum. Esse laborum Lorem nostrud pariatur sint ad sint adipisicing. Aute officia qui ut non labore in culpa officia amet id. Dolor ex irure consequat enim ipsum sint occaecat.\n\nQuis tempor enim id labore est anim consequat nulla enim mollit aliqua. Cillum amet minim exercitation cupidatat irure est ea. Eiusmod qui dolor tempor ex officia commodo occaecat nulla sint excepteur ullamco. Mollit fugiat sunt fugiat aliqua consequat velit aliquip aliquip in. Ut nulla ullamco nisi in incididunt et magna culpa magna. Elit exercitation aliquip duis reprehenderit aute irure nisi elit officia culpa.\n\nAliqua reprehenderit nisi exercitation voluptate duis do duis exercitation. Quis Lorem in nostrud cupidatat velit consectetur occaecat tempor amet veniam pariatur. Nostrud nostrud commodo ipsum anim pariatur amet.\n\nIpsum ullamco duis ullamco laboris nostrud. Elit est do esse dolore culpa reprehenderit et ad sit non laboris excepteur. Eu ut non mollit dolore ut et magna duis labore duis. Eiusmod ea officia irure sunt ad cillum dolore et. Amet commodo amet sint veniam tempor officia deserunt officia nulla exercitation quis non consectetur aliqua. Excepteur laborum excepteur irure ullamco Lorem aliquip do exercitation id quis mollit magna.\n\nSunt dolore nulla dolore fugiat irure non sint anim irure nisi. Sunt ad cillum voluptate mollit veniam et ad minim consectetur fugiat qui. Ad proident exercitation commodo sit officia deserunt laboris aute cupidatat dolor irure.\n\nAliqua aliqua labore dolore in consequat ad enim ea nisi non. Quis dolore laborum ullamco veniam ullamco laboris adipisicing. Nulla qui incididunt aliqua ipsum ut dolor dolor. Nulla elit quis duis qui labore pariatur occaecat. Aliqua excepteur eu culpa tempor ad deserunt ipsum incididunt ullamco non aliquip magna anim.	3	1	10	2021-02-08 03:33:24.602379+00	2021-02-08 03:33:24.602379+00
4	Quis in Lorem reprehenderit Lorem sint aliqua nostrud elit eu veniam ad mollit excepteur est.	Labore ea et sit deserunt ipsum amet laborum exercitation excepteur. Ex enim amet deserunt esse dolore incididunt nisi qui consectetur excepteur nulla. Deserunt est laborum labore incididunt duis.	\N	Commodo veniam ex laborum nulla nisi velit occaecat irure sint magna incididunt voluptate. Aliquip nulla eu Lorem esse adipisicing magna veniam. Eiusmod dolor nostrud Lorem id dolor dolor velit nulla fugiat nisi ad sit minim ullamco. Id veniam labore aliqua magna ipsum exercitation dolore ut non minim est ut magna. In culpa enim pariatur voluptate ullamco in magna elit culpa cupidatat magna irure sit incididunt. Anim qui dolore ullamco eiusmod officia laboris qui fugiat elit dolore sit in.\n\nVelit consequat minim aliqua esse consequat eu. Aute do aute amet officia ipsum commodo duis deserunt deserunt ea nostrud nulla. Ut aliquip deserunt Lorem sit velit consequat sit culpa exercitation laboris culpa.\n\nFugiat velit velit sunt proident tempor labore ipsum sit non excepteur nulla. Commodo exercitation sit sint cupidatat deserunt sit in culpa cupidatat ut proident tempor aute pariatur. Mollit ipsum veniam deserunt est elit ullamco nostrud aliquip consectetur elit aliqua. Quis labore elit laboris eiusmod incididunt nulla aliquip nulla eiusmod ut. In enim deserunt eu aliquip.\n\nLaborum est minim anim et voluptate ullamco id. Ea id esse officia anim aliqua est. Est ea dolore deserunt ipsum velit proident Lorem dolor dolor sint esse. Tempor in dolor laborum labore exercitation.\n\nEa eu dolor excepteur incididunt tempor dolor minim ad irure in nostrud excepteur magna. Ullamco tempor commodo ut eiusmod eiusmod sint ad. Dolor anim laborum exercitation ex do do ullamco enim ut excepteur adipisicing. Quis duis magna ipsum eiusmod qui voluptate ut elit excepteur eiusmod aliquip voluptate ipsum. Incididunt sunt aliquip reprehenderit duis eiusmod incididunt adipisicing labore dolor. Enim voluptate irure duis ipsum eiusmod minim aute minim excepteur. Nulla deserunt culpa non anim mollit et occaecat officia do adipisicing eu veniam exercitation.	4	1	10	2021-02-08 03:33:24.602379+00	2021-02-08 03:33:24.602379+00
5	Est cupidatat officia aliqua nulla quis consectetur sit enim.	Mollit est non aute minim est magna Lorem ea labore Lorem aliqua. Sit ea magna sit esse occaecat sit cillum proident nisi pariatur non labore consectetur labore. Sunt culpa ut et dolor laboris irure. Laboris velit nulla sunt cillum sint ut in duis dolore magna esse. Dolore sit dolore esse tempor laboris anim pariatur eu est sunt laboris sunt exercitation.	\N	Deserunt excepteur enim ullamco exercitation sunt eu. Laborum sunt laborum aliqua ut in eu velit sint. Veniam deserunt et qui aliqua ad est officia ex enim sunt magna. Deserunt pariatur nulla magna voluptate et ea mollit sunt incididunt. Consectetur enim ea reprehenderit ex officia consequat ipsum mollit mollit tempor velit.\n\nEnim laborum elit velit voluptate deserunt aliquip magna nisi ipsum aute adipisicing id tempor. Duis sunt duis commodo tempor in nisi commodo elit adipisicing elit tempor aliquip cupidatat. Commodo laboris mollit fugiat ad commodo enim irure pariatur consequat aliqua in consectetur labore Lorem. Id nulla laborum est fugiat adipisicing Lorem laboris voluptate amet. Enim qui cupidatat veniam nisi exercitation nulla amet amet excepteur veniam. Est Lorem nostrud pariatur ea aute. Est reprehenderit aliquip adipisicing dolor.\n\nMagna magna labore duis nulla nisi magna labore quis fugiat nisi occaecat. Est tempor minim nostrud nisi occaecat dolor nostrud incididunt id cupidatat cillum sunt excepteur eiusmod. Laboris exercitation laboris deserunt consectetur sit reprehenderit aliqua consequat ut eiusmod amet eu eiusmod labore. Tempor nisi reprehenderit enim nulla.\n\nLabore est cillum consectetur irure eu dolor. Voluptate cupidatat minim nisi aliquip. Dolor ut culpa et est veniam. Cupidatat Lorem nulla veniam aliqua incididunt duis voluptate non dolore proident sint qui culpa excepteur. Minim minim magna minim officia id laboris sint qui cillum amet. Nostrud reprehenderit dolore non consectetur sint labore enim laboris ad dolore ea culpa irure commodo. Eu elit aliqua consequat magna et ea laboris non cupidatat enim duis.\n\nVelit ipsum aliqua adipisicing incididunt sunt ea veniam officia non dolore incididunt Lorem incididunt ullamco. Culpa excepteur dolore Lorem enim ullamco proident ut qui non proident esse. Qui quis irure ut do occaecat exercitation esse. Adipisicing culpa cillum nisi nulla in ut ipsum minim officia velit anim duis deserunt.	5	1	10	2021-02-08 03:33:24.602379+00	2021-02-08 03:33:24.602379+00
11	Incididunt sint pariatur commodo sint laboris esse consequat fugiat nostrud ut amet.	Labore ea et sit deserunt ipsum amet laborum exercitation excepteur. Ex enim amet deserunt esse dolore incididunt nisi qui consectetur excepteur nulla. Deserunt est laborum labore incididunt duis.	\N	Commodo veniam ex laborum nulla nisi velit occaecat irure sint magna incididunt voluptate. Aliquip nulla eu Lorem esse adipisicing magna veniam. Eiusmod dolor nostrud Lorem id dolor dolor velit nulla fugiat nisi ad sit minim ullamco. Id veniam labore aliqua magna ipsum exercitation dolore ut non minim est ut magna. In culpa enim pariatur voluptate ullamco in magna elit culpa cupidatat magna irure sit incididunt. Anim qui dolore ullamco eiusmod officia laboris qui fugiat elit dolore sit in.\n\nVelit consequat minim aliqua esse consequat eu. Aute do aute amet officia ipsum commodo duis deserunt deserunt ea nostrud nulla. Ut aliquip deserunt Lorem sit velit consequat sit culpa exercitation laboris culpa.\n\nFugiat velit velit sunt proident tempor labore ipsum sit non excepteur nulla. Commodo exercitation sit sint cupidatat deserunt sit in culpa cupidatat ut proident tempor aute pariatur. Mollit ipsum veniam deserunt est elit ullamco nostrud aliquip consectetur elit aliqua. Quis labore elit laboris eiusmod incididunt nulla aliquip nulla eiusmod ut. In enim deserunt eu aliquip.\n\nLaborum est minim anim et voluptate ullamco id. Ea id esse officia anim aliqua est. Est ea dolore deserunt ipsum velit proident Lorem dolor dolor sint esse. Tempor in dolor laborum labore exercitation.\n\nEa eu dolor excepteur incididunt tempor dolor minim ad irure in nostrud excepteur magna. Ullamco tempor commodo ut eiusmod eiusmod sint ad. Dolor anim laborum exercitation ex do do ullamco enim ut excepteur adipisicing. Quis duis magna ipsum eiusmod qui voluptate ut elit excepteur eiusmod aliquip voluptate ipsum. Incididunt sunt aliquip reprehenderit duis eiusmod incididunt adipisicing labore dolor. Enim voluptate irure duis ipsum eiusmod minim aute minim excepteur. Nulla deserunt culpa non anim mollit et occaecat officia do adipisicing eu veniam exercitation.	4	2	10	2021-02-08 03:33:24.602379+00	2021-02-08 03:33:24.602379+00
6	Sint fugiat et irure consectetur laborum duis velit cillum labore ipsum dolor.	Magna Lorem velit enim velit magna amet sit voluptate aliqua consequat dolor fugiat. Ad aliquip eu tempor laborum ad aliqua. Commodo id consequat esse proident sit dolore culpa sunt eiusmod eu nisi sit. Labore consectetur sunt ut Lorem do occaecat minim ullamco. Pariatur nisi est minim deserunt do esse esse labore esse laboris aliquip. Minim est excepteur ad non officia sunt proident est deserunt ad esse voluptate. Incididunt enim labore duis excepteur laborum duis enim nostrud id.	\N	Irure cillum do non cupidatat. Tempor anim sit velit ad culpa id veniam mollit ad. Culpa labore dolor nostrud sunt ex consequat. Fugiat ea consequat eiusmod consequat.\n\nQuis voluptate cillum non pariatur esse reprehenderit. Id excepteur elit fugiat proident officia tempor do. Dolore cillum ullamco reprehenderit fugiat fugiat velit.\n\nQui aute veniam tempor ullamco dolore ut adipisicing mollit labore non. Do ex ad laborum sint amet dolore exercitation consectetur elit incididunt Lorem minim ullamco. Elit minim incididunt cupidatat culpa nisi aliqua. Minim occaecat esse eiusmod mollit aliquip incididunt excepteur pariatur dolor. Anim do pariatur irure laboris quis aliquip veniam nostrud anim sit laboris aliquip incididunt.\n\nFugiat ullamco ex mollit nisi minim. Aliqua pariatur do cillum ut. Deserunt laboris labore dolor amet.\n\nLaboris fugiat eiusmod ut sint minim. Cillum excepteur ea aliquip do et commodo Lorem eiusmod anim. Eu incididunt id sit tempor tempor in.	6	1	10	2021-02-08 03:33:24.602379+00	2021-02-08 03:33:24.602379+00
7	Officia mollit esse ut reprehenderit aute pariatur ullamco amet amet consectetur commodo aliqua.	Quis excepteur ullamco consectetur ipsum consequat cupidatat. Ut cillum laborum sit voluptate magna exercitation dolor duis elit. Mollit elit ex nostrud exercitation consectetur in reprehenderit duis reprehenderit. Non ad velit sint exercitation occaecat sint proident id.	\N	Est id quis eiusmod aliquip voluptate incididunt exercitation. Proident consequat do ea aute tempor duis cupidatat non ea elit. Labore aliqua minim magna consequat dolor ex aute ipsum nisi Lorem laborum ad.\n\nMagna officia enim exercitation do consequat aliquip do cillum officia ullamco excepteur laborum occaecat. Magna qui adipisicing ex consequat cupidatat amet commodo voluptate occaecat excepteur ea ut. Et duis cillum eu adipisicing veniam eu mollit qui. Veniam amet duis ad ut culpa nisi proident quis ex id esse labore dolore.\n\nLabore consectetur fugiat ad reprehenderit adipisicing pariatur ullamco enim dolore occaecat mollit. Officia pariatur esse reprehenderit do anim voluptate fugiat dolor aliquip. Ut duis consequat fugiat magna sit laborum enim. Excepteur irure in officia in consequat nostrud do nisi eu eiusmod do. Nulla anim elit consectetur cillum magna deserunt mollit ut occaecat eiusmod qui sint et id. Qui adipisicing enim aute labore. Elit sunt eu aliqua ex minim.\n\nEiusmod ea eu laborum eu sit amet dolore Lorem velit quis mollit exercitation aute consectetur. Enim culpa irure voluptate velit incididunt exercitation sunt voluptate proident deserunt deserunt tempor ad commodo. Quis esse ullamco nostrud minim sunt adipisicing ad id ad fugiat officia exercitation culpa ullamco. Eiusmod aute anim tempor sint. Aute voluptate aute qui qui.\n\nDo labore minim amet et non esse elit minim nostrud consequat. Et commodo id exercitation ex. Sint ipsum proident Lorem sint anim cillum. Elit labore pariatur ut duis velit irure qui dolore aliqua sit mollit dolore nostrud. Laboris ea quis commodo occaecat ea proident fugiat consequat duis magna commodo. Dolor et nostrud ea pariatur et ullamco tempor. Velit est eu et sint enim enim nostrud et deserunt excepteur ullamco.\n\nAute quis id cillum est nulla pariatur. Nisi Lorem veniam dolor ullamco irure aliqua consectetur laboris. Quis ad aliqua mollit laboris.	7	1	10	2021-02-08 03:33:24.602379+00	2021-02-08 03:33:24.602379+00
8	Cillum deserunt anim veniam sit cupidatat est non.	Cupidatat sunt fugiat ex excepteur laboris in consequat mollit occaecat consequat culpa nisi pariatur cillum. Occaecat eiusmod et elit nisi id culpa. Consectetur commodo mollit consectetur cupidatat Lorem.	\N	Minim culpa adipisicing et ut adipisicing incididunt Lorem. Consequat officia duis proident eiusmod consectetur culpa aliquip quis aliquip minim dolore laboris mollit. Et ullamco ea eiusmod nostrud sunt ullamco. Lorem culpa consectetur laboris nulla anim fugiat dolore excepteur amet velit sunt culpa laboris. Et aute non nostrud qui Lorem laborum est exercitation aute enim eiusmod reprehenderit. Amet proident quis aute fugiat dolor aliquip esse aliquip eu aliquip incididunt laborum commodo id.\n\nProident aute officia mollit sit aliquip occaecat Lorem. Labore dolor aliquip eiusmod aliqua anim veniam elit in laboris cillum do ex qui tempor. In cupidatat excepteur sint minim do. Sunt labore enim sint aute minim. Qui officia proident ipsum labore dolore non commodo aliquip ex id excepteur reprehenderit quis mollit. Fugiat sint enim culpa minim.\n\nPariatur proident laborum exercitation quis est aliquip ad consequat proident non. Duis pariatur deserunt nulla voluptate amet enim dolore ea est. Enim deserunt sit velit mollit aute in irure cupidatat. Occaecat tempor fugiat sit dolor duis ullamco sit proident quis ea dolore ex. Velit aliqua qui est minim dolore magna et esse cillum exercitation nostrud.\n\nAdipisicing pariatur pariatur est officia. Duis ad commodo amet sunt dolore amet. Nisi pariatur ad do minim incididunt voluptate laborum dolor ipsum sint.\n\nDuis eiusmod consequat anim eiusmod officia aliqua eu est culpa occaecat labore voluptate culpa irure. Adipisicing dolor commodo ad cillum proident ullamco quis eu esse ex cupidatat pariatur ut enim. Sunt laborum non pariatur enim non nulla voluptate sit adipisicing laborum occaecat. Amet reprehenderit ad enim do aute enim qui consequat proident non. Ut consequat tempor Lorem est labore ad anim tempor enim nisi et elit nisi.	1	2	10	2021-02-08 03:33:24.602379+00	2021-02-08 03:33:24.602379+00
9	Esse nisi velit sunt sunt ea deserunt.	Nulla veniam nostrud non irure dolor eiusmod pariatur cillum quis sunt in aliqua occaecat aliquip. Et laboris sit culpa veniam. Deserunt do velit cillum est anim fugiat aliquip labore qui proident. Commodo ut exercitation aute duis occaecat sunt eu labore. Deserunt labore in incididunt ullamco velit nostrud culpa nostrud commodo.	\N	Ut eiusmod exercitation ipsum ullamco nisi consequat culpa dolore irure mollit. Labore excepteur magna proident esse id. Adipisicing non nulla laboris pariatur fugiat Lorem id dolore laboris. Lorem adipisicing esse eiusmod est ad minim consequat labore ea. Cillum elit ad irure deserunt do sit incididunt quis tempor proident. Ea irure nulla sint anim esse nostrud duis nisi do consequat reprehenderit Lorem.\n\nUllamco elit pariatur irure voluptate veniam anim veniam dolore veniam nisi. Anim mollit minim in nulla aliqua. Veniam mollit sit velit magna do incididunt esse voluptate culpa. Ut veniam magna adipisicing veniam cillum aliquip sunt dolor.\n\nFugiat ipsum ut amet esse elit sint officia. Voluptate do adipisicing proident pariatur nostrud cupidatat ipsum aute aute dolore elit amet officia. Nulla nisi aute Lorem laborum veniam. Dolore proident proident commodo labore elit eiusmod. Amet mollit dolore ea sint anim ex consectetur nisi. Non deserunt ex exercitation enim nulla aliqua excepteur.\n\nVelit mollit amet non ipsum aliquip eu excepteur in incididunt nulla aute commodo. Voluptate commodo ipsum deserunt et cillum incididunt minim commodo voluptate sunt amet do est laborum. Fugiat nulla voluptate sit pariatur esse. Nisi elit deserunt elit anim laboris tempor veniam proident proident mollit dolore aliquip incididunt.\n\nMagna proident nisi duis veniam magna. Irure sunt aliqua non enim laboris tempor irure irure enim ullamco ea elit. Ullamco ullamco irure consequat velit do dolor et nulla. Enim esse ullamco labore deserunt. Nisi qui in ad eu dolore nostrud nulla ullamco. Nostrud eiusmod non minim et qui magna incididunt aliqua ad irure ex reprehenderit laboris anim. Lorem amet excepteur commodo veniam veniam pariatur quis sit nulla tempor.\n\nCulpa ad reprehenderit sunt et deserunt non minim officia sunt aliquip sint. Id ipsum voluptate amet in pariatur irure ullamco exercitation pariatur enim dolore magna adipisicing. Pariatur quis officia do aliqua enim elit excepteur aliqua irure cillum exercitation id.	2	2	10	2021-02-08 03:33:24.602379+00	2021-02-08 03:33:24.602379+00
10	Pariatur labore ut veniam ex fugiat ullamco adipisicing mollit culpa eiusmod.	Sint veniam aliqua laboris nisi ullamco anim commodo. Ea pariatur quis quis commodo nisi excepteur laboris eiusmod nulla eu et fugiat. Officia laborum fugiat elit nisi cillum mollit tempor. Elit aliqua nulla laboris et laborum Lorem reprehenderit deserunt nostrud nostrud pariatur voluptate. Eu nostrud commodo adipisicing consectetur excepteur incididunt. Est incididunt qui amet incididunt fugiat.	\N	Ipsum ad exercitation veniam occaecat sunt do nulla. Sint fugiat voluptate non voluptate culpa in. Esse excepteur elit irure Lorem cupidatat pariatur irure aliquip quis excepteur mollit. Sunt velit et est reprehenderit amet fugiat. Aliqua veniam labore aliquip voluptate ea. Consequat quis irure pariatur quis magna eu ipsum nisi dolor ipsum. Laboris tempor qui sunt irure culpa dolor cillum velit amet aliqua aliqua dolore occaecat.\n\nSunt incididunt consequat excepteur commodo eu ipsum consectetur ut nisi. Anim Lorem anim ad do dolore adipisicing culpa ut. Proident minim dolor est ullamco ut esse laboris adipisicing est. Cillum exercitation aute est culpa laborum cillum pariatur irure amet in dolor dolor labore.\n\nAliqua tempor sint dolore elit quis laborum labore aliqua. Ullamco aliquip ad occaecat ut ea eu ad consectetur Lorem eu. Mollit irure id voluptate tempor officia dolor fugiat enim magna id veniam aliquip pariatur nulla. Ipsum ea laboris minim proident duis excepteur duis veniam. Officia dolore deserunt nostrud sint culpa aliquip magna velit sint fugiat amet deserunt. Proident mollit cupidatat minim laborum adipisicing cupidatat cillum. Reprehenderit proident enim magna officia excepteur aliqua ipsum sunt dolor duis magna exercitation.\n\nConsequat aliquip nulla nisi voluptate quis laborum in nisi irure. Culpa reprehenderit tempor cupidatat qui. Proident sunt proident eiusmod cillum cillum minim enim sunt minim. Tempor magna aliquip id qui fugiat aliquip ea qui in et eu. Cupidatat est voluptate voluptate dolor elit cillum.\n\nEt cupidatat consectetur amet proident culpa occaecat commodo ipsum minim deserunt voluptate dolor sunt laborum. Nisi sit qui esse pariatur cillum minim exercitation nisi do amet ullamco. Quis dolore est pariatur dolor in velit enim voluptate laborum. Laboris ut eiusmod consequat nisi labore sit sit in occaecat commodo ex. Deserunt voluptate veniam consectetur sint consectetur exercitation aliqua cillum aliquip aliquip cupidatat dolore laborum ut.	3	2	10	2021-02-08 03:33:24.602379+00	2021-02-08 03:33:24.602379+00
12	Est cupidatat officia aliqua nulla quis consectetur sit enim.	Mollit est non aute minim est magna Lorem ea labore Lorem aliqua. Sit ea magna sit esse occaecat sit cillum proident nisi pariatur non labore consectetur labore. Sunt culpa ut et dolor laboris irure. Laboris velit nulla sunt cillum sint ut in duis dolore magna esse. Dolore sit dolore esse tempor laboris anim pariatur eu est sunt laboris sunt exercitation.	\N	Deserunt excepteur enim ullamco exercitation sunt eu. Laborum sunt laborum aliqua ut in eu velit sint. Veniam deserunt et qui aliqua ad est officia ex enim sunt magna. Deserunt pariatur nulla magna voluptate et ea mollit sunt incididunt. Consectetur enim ea reprehenderit ex officia consequat ipsum mollit mollit tempor velit.\n\nEnim laborum elit velit voluptate deserunt aliquip magna nisi ipsum aute adipisicing id tempor. Duis sunt duis commodo tempor in nisi commodo elit adipisicing elit tempor aliquip cupidatat. Commodo laboris mollit fugiat ad commodo enim irure pariatur consequat aliqua in consectetur labore Lorem. Id nulla laborum est fugiat adipisicing Lorem laboris voluptate amet. Enim qui cupidatat veniam nisi exercitation nulla amet amet excepteur veniam. Est Lorem nostrud pariatur ea aute. Est reprehenderit aliquip adipisicing dolor.\n\nMagna magna labore duis nulla nisi magna labore quis fugiat nisi occaecat. Est tempor minim nostrud nisi occaecat dolor nostrud incididunt id cupidatat cillum sunt excepteur eiusmod. Laboris exercitation laboris deserunt consectetur sit reprehenderit aliqua consequat ut eiusmod amet eu eiusmod labore. Tempor nisi reprehenderit enim nulla.\n\nLabore est cillum consectetur irure eu dolor. Voluptate cupidatat minim nisi aliquip. Dolor ut culpa et est veniam. Cupidatat Lorem nulla veniam aliqua incididunt duis voluptate non dolore proident sint qui culpa excepteur. Minim minim magna minim officia id laboris sint qui cillum amet. Nostrud reprehenderit dolore non consectetur sint labore enim laboris ad dolore ea culpa irure commodo. Eu elit aliqua consequat magna et ea laboris non cupidatat enim duis.\n\nVelit ipsum aliqua adipisicing incididunt sunt ea veniam officia non dolore incididunt Lorem incididunt ullamco. Culpa excepteur dolore Lorem enim ullamco proident ut qui non proident esse. Qui quis irure ut do occaecat exercitation esse. Adipisicing culpa cillum nisi nulla in ut ipsum minim officia velit anim duis deserunt.	5	2	10	2021-02-08 03:33:24.602379+00	2021-02-08 03:33:24.602379+00
13	Sint fugiat et irure consectetur laborum duis velit cillum labore ipsum dolor.	Magna Lorem velit enim velit magna amet sit voluptate aliqua consequat dolor fugiat. Ad aliquip eu tempor laborum ad aliqua. Commodo id consequat esse proident sit dolore culpa sunt eiusmod eu nisi sit. Labore consectetur sunt ut Lorem do occaecat minim ullamco. Pariatur nisi est minim deserunt do esse esse labore esse laboris aliquip. Minim est excepteur ad non officia sunt proident est deserunt ad esse voluptate. Incididunt enim labore duis excepteur laborum duis enim nostrud id.	\N	Irure cillum do non cupidatat. Tempor anim sit velit ad culpa id veniam mollit ad. Culpa labore dolor nostrud sunt ex consequat. Fugiat ea consequat eiusmod consequat.\n\nQuis voluptate cillum non pariatur esse reprehenderit. Id excepteur elit fugiat proident officia tempor do. Dolore cillum ullamco reprehenderit fugiat fugiat velit.\n\nQui aute veniam tempor ullamco dolore ut adipisicing mollit labore non. Do ex ad laborum sint amet dolore exercitation consectetur elit incididunt Lorem minim ullamco. Elit minim incididunt cupidatat culpa nisi aliqua. Minim occaecat esse eiusmod mollit aliquip incididunt excepteur pariatur dolor. Anim do pariatur irure laboris quis aliquip veniam nostrud anim sit laboris aliquip incididunt.\n\nFugiat ullamco ex mollit nisi minim. Aliqua pariatur do cillum ut. Deserunt laboris labore dolor amet.\n\nLaboris fugiat eiusmod ut sint minim. Cillum excepteur ea aliquip do et commodo Lorem eiusmod anim. Eu incididunt id sit tempor tempor in.	6	2	10	2021-02-08 03:33:24.602379+00	2021-02-08 03:33:24.602379+00
14	Officia mollit esse ut reprehenderit aute pariatur ullamco amet amet consectetur commodo aliqua.	Quis excepteur ullamco consectetur ipsum consequat cupidatat. Ut cillum laborum sit voluptate magna exercitation dolor duis elit. Mollit elit ex nostrud exercitation consectetur in reprehenderit duis reprehenderit. Non ad velit sint exercitation occaecat sint proident id.	\N	Est id quis eiusmod aliquip voluptate incididunt exercitation. Proident consequat do ea aute tempor duis cupidatat non ea elit. Labore aliqua minim magna consequat dolor ex aute ipsum nisi Lorem laborum ad.\n\nMagna officia enim exercitation do consequat aliquip do cillum officia ullamco excepteur laborum occaecat. Magna qui adipisicing ex consequat cupidatat amet commodo voluptate occaecat excepteur ea ut. Et duis cillum eu adipisicing veniam eu mollit qui. Veniam amet duis ad ut culpa nisi proident quis ex id esse labore dolore.\n\nLabore consectetur fugiat ad reprehenderit adipisicing pariatur ullamco enim dolore occaecat mollit. Officia pariatur esse reprehenderit do anim voluptate fugiat dolor aliquip. Ut duis consequat fugiat magna sit laborum enim. Excepteur irure in officia in consequat nostrud do nisi eu eiusmod do. Nulla anim elit consectetur cillum magna deserunt mollit ut occaecat eiusmod qui sint et id. Qui adipisicing enim aute labore. Elit sunt eu aliqua ex minim.\n\nEiusmod ea eu laborum eu sit amet dolore Lorem velit quis mollit exercitation aute consectetur. Enim culpa irure voluptate velit incididunt exercitation sunt voluptate proident deserunt deserunt tempor ad commodo. Quis esse ullamco nostrud minim sunt adipisicing ad id ad fugiat officia exercitation culpa ullamco. Eiusmod aute anim tempor sint. Aute voluptate aute qui qui.\n\nDo labore minim amet et non esse elit minim nostrud consequat. Et commodo id exercitation ex. Sint ipsum proident Lorem sint anim cillum. Elit labore pariatur ut duis velit irure qui dolore aliqua sit mollit dolore nostrud. Laboris ea quis commodo occaecat ea proident fugiat consequat duis magna commodo. Dolor et nostrud ea pariatur et ullamco tempor. Velit est eu et sint enim enim nostrud et deserunt excepteur ullamco.\n\nAute quis id cillum est nulla pariatur. Nisi Lorem veniam dolor ullamco irure aliqua consectetur laboris. Quis ad aliqua mollit laboris.	7	2	10	2021-02-08 03:33:24.602379+00	2021-02-08 03:33:24.602379+00
15	Cillum deserunt anim veniam sit cupidatat est non.	Cupidatat sunt fugiat ex excepteur laboris in consequat mollit occaecat consequat culpa nisi pariatur cillum. Occaecat eiusmod et elit nisi id culpa. Consectetur commodo mollit consectetur cupidatat Lorem.	\N	Minim culpa adipisicing et ut adipisicing incididunt Lorem. Consequat officia duis proident eiusmod consectetur culpa aliquip quis aliquip minim dolore laboris mollit. Et ullamco ea eiusmod nostrud sunt ullamco. Lorem culpa consectetur laboris nulla anim fugiat dolore excepteur amet velit sunt culpa laboris. Et aute non nostrud qui Lorem laborum est exercitation aute enim eiusmod reprehenderit. Amet proident quis aute fugiat dolor aliquip esse aliquip eu aliquip incididunt laborum commodo id.\n\nProident aute officia mollit sit aliquip occaecat Lorem. Labore dolor aliquip eiusmod aliqua anim veniam elit in laboris cillum do ex qui tempor. In cupidatat excepteur sint minim do. Sunt labore enim sint aute minim. Qui officia proident ipsum labore dolore non commodo aliquip ex id excepteur reprehenderit quis mollit. Fugiat sint enim culpa minim.\n\nPariatur proident laborum exercitation quis est aliquip ad consequat proident non. Duis pariatur deserunt nulla voluptate amet enim dolore ea est. Enim deserunt sit velit mollit aute in irure cupidatat. Occaecat tempor fugiat sit dolor duis ullamco sit proident quis ea dolore ex. Velit aliqua qui est minim dolore magna et esse cillum exercitation nostrud.\n\nAdipisicing pariatur pariatur est officia. Duis ad commodo amet sunt dolore amet. Nisi pariatur ad do minim incididunt voluptate laborum dolor ipsum sint.\n\nDuis eiusmod consequat anim eiusmod officia aliqua eu est culpa occaecat labore voluptate culpa irure. Adipisicing dolor commodo ad cillum proident ullamco quis eu esse ex cupidatat pariatur ut enim. Sunt laborum non pariatur enim non nulla voluptate sit adipisicing laborum occaecat. Amet reprehenderit ad enim do aute enim qui consequat proident non. Ut consequat tempor Lorem est labore ad anim tempor enim nisi et elit nisi.	1	3	10	2021-02-08 03:33:24.602379+00	2021-02-08 03:33:24.602379+00
16	Esse nisi velit sunt sunt ea deserunt.	Nulla veniam nostrud non irure dolor eiusmod pariatur cillum quis sunt in aliqua occaecat aliquip. Et laboris sit culpa veniam. Deserunt do velit cillum est anim fugiat aliquip labore qui proident. Commodo ut exercitation aute duis occaecat sunt eu labore. Deserunt labore in incididunt ullamco velit nostrud culpa nostrud commodo.	\N	Ut eiusmod exercitation ipsum ullamco nisi consequat culpa dolore irure mollit. Labore excepteur magna proident esse id. Adipisicing non nulla laboris pariatur fugiat Lorem id dolore laboris. Lorem adipisicing esse eiusmod est ad minim consequat labore ea. Cillum elit ad irure deserunt do sit incididunt quis tempor proident. Ea irure nulla sint anim esse nostrud duis nisi do consequat reprehenderit Lorem.\n\nUllamco elit pariatur irure voluptate veniam anim veniam dolore veniam nisi. Anim mollit minim in nulla aliqua. Veniam mollit sit velit magna do incididunt esse voluptate culpa. Ut veniam magna adipisicing veniam cillum aliquip sunt dolor.\n\nFugiat ipsum ut amet esse elit sint officia. Voluptate do adipisicing proident pariatur nostrud cupidatat ipsum aute aute dolore elit amet officia. Nulla nisi aute Lorem laborum veniam. Dolore proident proident commodo labore elit eiusmod. Amet mollit dolore ea sint anim ex consectetur nisi. Non deserunt ex exercitation enim nulla aliqua excepteur.\n\nVelit mollit amet non ipsum aliquip eu excepteur in incididunt nulla aute commodo. Voluptate commodo ipsum deserunt et cillum incididunt minim commodo voluptate sunt amet do est laborum. Fugiat nulla voluptate sit pariatur esse. Nisi elit deserunt elit anim laboris tempor veniam proident proident mollit dolore aliquip incididunt.\n\nMagna proident nisi duis veniam magna. Irure sunt aliqua non enim laboris tempor irure irure enim ullamco ea elit. Ullamco ullamco irure consequat velit do dolor et nulla. Enim esse ullamco labore deserunt. Nisi qui in ad eu dolore nostrud nulla ullamco. Nostrud eiusmod non minim et qui magna incididunt aliqua ad irure ex reprehenderit laboris anim. Lorem amet excepteur commodo veniam veniam pariatur quis sit nulla tempor.\n\nCulpa ad reprehenderit sunt et deserunt non minim officia sunt aliquip sint. Id ipsum voluptate amet in pariatur irure ullamco exercitation pariatur enim dolore magna adipisicing. Pariatur quis officia do aliqua enim elit excepteur aliqua irure cillum exercitation id.	2	3	10	2021-02-08 03:33:24.602379+00	2021-02-08 03:33:24.602379+00
17	Pariatur labore ut veniam ex fugiat ullamco adipisicing mollit culpa eiusmod.	Sint veniam aliqua laboris nisi ullamco anim commodo. Ea pariatur quis quis commodo nisi excepteur laboris eiusmod nulla eu et fugiat. Officia laborum fugiat elit nisi cillum mollit tempor. Elit aliqua nulla laboris et laborum Lorem reprehenderit deserunt nostrud nostrud pariatur voluptate. Eu nostrud commodo adipisicing consectetur excepteur incididunt. Est incididunt qui amet incididunt fugiat.	\N	Nisi velit aliqua culpa velit veniam adipisicing proident sint amet exercitation anim sit sint. Aute sint commodo Lorem nulla. Aute elit irure occaecat amet proident ullamco mollit Lorem cupidatat culpa exercitation nostrud ipsum ut.\n\nIncididunt cupidatat sint nostrud sit. Sint veniam anim officia nostrud est eiusmod pariatur occaecat nostrud in excepteur anim. Minim laborum sunt consequat ipsum ad velit veniam commodo anim fugiat consectetur commodo laboris excepteur. Ex magna veniam cillum exercitation veniam et eiusmod dolore anim mollit commodo.\n\nAdipisicing nisi quis consequat excepteur proident. Sunt mollit tempor eu magna culpa magna elit ullamco commodo culpa. Ex aliquip excepteur consectetur amet pariatur cupidatat. Est aliqua esse consequat veniam ipsum consequat laborum enim commodo mollit veniam occaecat qui occaecat.\n\nCommodo reprehenderit id velit aute nisi. Magna do sit magna dolore occaecat ut deserunt. Nulla laboris incididunt velit mollit nostrud pariatur cupidatat. Et adipisicing consequat deserunt ad ipsum ipsum cillum. Sint quis laborum veniam magna velit anim nisi ipsum eu veniam.\n\nElit cillum reprehenderit elit non. Ad in in minim commodo tempor dolor tempor consectetur labore laboris tempor commodo. Velit ipsum aute magna qui aute ad nisi duis. Qui excepteur culpa deserunt exercitation labore ipsum mollit duis ea voluptate aliqua. Ipsum eu velit tempor ex Lorem enim consectetur. Consequat enim laborum ullamco magna proident culpa exercitation. Officia amet reprehenderit ea deserunt deserunt elit veniam.\n\nPariatur anim pariatur officia quis enim dolor eu in. Quis eiusmod duis id in ad consequat labore nulla velit eu consectetur. Ad Lorem occaecat nostrud magna in sit nisi. Tempor occaecat consequat esse ex culpa veniam.	3	3	10	2021-02-08 03:33:24.602379+00	2021-02-08 03:33:24.602379+00
18	Adipisicing culpa amet Lorem ex sit.	Labore ea et sit deserunt ipsum amet laborum exercitation excepteur. Ex enim amet deserunt esse dolore incididunt nisi qui consectetur excepteur nulla. Deserunt est laborum labore incididunt duis.	\N	Commodo veniam ex laborum nulla nisi velit occaecat irure sint magna incididunt voluptate. Aliquip nulla eu Lorem esse adipisicing magna veniam. Eiusmod dolor nostrud Lorem id dolor dolor velit nulla fugiat nisi ad sit minim ullamco. Id veniam labore aliqua magna ipsum exercitation dolore ut non minim est ut magna. In culpa enim pariatur voluptate ullamco in magna elit culpa cupidatat magna irure sit incididunt. Anim qui dolore ullamco eiusmod officia laboris qui fugiat elit dolore sit in.\n\nVelit consequat minim aliqua esse consequat eu. Aute do aute amet officia ipsum commodo duis deserunt deserunt ea nostrud nulla. Ut aliquip deserunt Lorem sit velit consequat sit culpa exercitation laboris culpa.\n\nFugiat velit velit sunt proident tempor labore ipsum sit non excepteur nulla. Commodo exercitation sit sint cupidatat deserunt sit in culpa cupidatat ut proident tempor aute pariatur. Mollit ipsum veniam deserunt est elit ullamco nostrud aliquip consectetur elit aliqua. Quis labore elit laboris eiusmod incididunt nulla aliquip nulla eiusmod ut. In enim deserunt eu aliquip.\n\nLaborum est minim anim et voluptate ullamco id. Ea id esse officia anim aliqua est. Est ea dolore deserunt ipsum velit proident Lorem dolor dolor sint esse. Tempor in dolor laborum labore exercitation.\n\nEa eu dolor excepteur incididunt tempor dolor minim ad irure in nostrud excepteur magna. Ullamco tempor commodo ut eiusmod eiusmod sint ad. Dolor anim laborum exercitation ex do do ullamco enim ut excepteur adipisicing. Quis duis magna ipsum eiusmod qui voluptate ut elit excepteur eiusmod aliquip voluptate ipsum. Incididunt sunt aliquip reprehenderit duis eiusmod incididunt adipisicing labore dolor. Enim voluptate irure duis ipsum eiusmod minim aute minim excepteur. Nulla deserunt culpa non anim mollit et occaecat officia do adipisicing eu veniam exercitation.	4	3	10	2021-02-08 03:33:24.602379+00	2021-02-08 03:33:24.602379+00
19	Est cupidatat officia aliqua nulla quis consectetur sit enim.	Mollit est non aute minim est magna Lorem ea labore Lorem aliqua. Sit ea magna sit esse occaecat sit cillum proident nisi pariatur non labore consectetur labore. Sunt culpa ut et dolor laboris irure. Laboris velit nulla sunt cillum sint ut in duis dolore magna esse. Dolore sit dolore esse tempor laboris anim pariatur eu est sunt laboris sunt exercitation.	\N	Deserunt excepteur enim ullamco exercitation sunt eu. Laborum sunt laborum aliqua ut in eu velit sint. Veniam deserunt et qui aliqua ad est officia ex enim sunt magna. Deserunt pariatur nulla magna voluptate et ea mollit sunt incididunt. Consectetur enim ea reprehenderit ex officia consequat ipsum mollit mollit tempor velit.\n\nEnim laborum elit velit voluptate deserunt aliquip magna nisi ipsum aute adipisicing id tempor. Duis sunt duis commodo tempor in nisi commodo elit adipisicing elit tempor aliquip cupidatat. Commodo laboris mollit fugiat ad commodo enim irure pariatur consequat aliqua in consectetur labore Lorem. Id nulla laborum est fugiat adipisicing Lorem laboris voluptate amet. Enim qui cupidatat veniam nisi exercitation nulla amet amet excepteur veniam. Est Lorem nostrud pariatur ea aute. Est reprehenderit aliquip adipisicing dolor.\n\nMagna magna labore duis nulla nisi magna labore quis fugiat nisi occaecat. Est tempor minim nostrud nisi occaecat dolor nostrud incididunt id cupidatat cillum sunt excepteur eiusmod. Laboris exercitation laboris deserunt consectetur sit reprehenderit aliqua consequat ut eiusmod amet eu eiusmod labore. Tempor nisi reprehenderit enim nulla.\n\nLabore est cillum consectetur irure eu dolor. Voluptate cupidatat minim nisi aliquip. Dolor ut culpa et est veniam. Cupidatat Lorem nulla veniam aliqua incididunt duis voluptate non dolore proident sint qui culpa excepteur. Minim minim magna minim officia id laboris sint qui cillum amet. Nostrud reprehenderit dolore non consectetur sint labore enim laboris ad dolore ea culpa irure commodo. Eu elit aliqua consequat magna et ea laboris non cupidatat enim duis.\n\nVelit ipsum aliqua adipisicing incididunt sunt ea veniam officia non dolore incididunt Lorem incididunt ullamco. Culpa excepteur dolore Lorem enim ullamco proident ut qui non proident esse. Qui quis irure ut do occaecat exercitation esse. Adipisicing culpa cillum nisi nulla in ut ipsum minim officia velit anim duis deserunt.	5	3	10	2021-02-08 03:33:24.602379+00	2021-02-08 03:33:24.602379+00
20	Sint fugiat et irure consectetur laborum duis velit cillum labore ipsum dolor.	Magna Lorem velit enim velit magna amet sit voluptate aliqua consequat dolor fugiat. Ad aliquip eu tempor laborum ad aliqua. Commodo id consequat esse proident sit dolore culpa sunt eiusmod eu nisi sit. Labore consectetur sunt ut Lorem do occaecat minim ullamco. Pariatur nisi est minim deserunt do esse esse labore esse laboris aliquip. Minim est excepteur ad non officia sunt proident est deserunt ad esse voluptate. Incididunt enim labore duis excepteur laborum duis enim nostrud id.	\N	Irure cillum do non cupidatat. Tempor anim sit velit ad culpa id veniam mollit ad. Culpa labore dolor nostrud sunt ex consequat. Fugiat ea consequat eiusmod consequat.\n\nQuis voluptate cillum non pariatur esse reprehenderit. Id excepteur elit fugiat proident officia tempor do. Dolore cillum ullamco reprehenderit fugiat fugiat velit.\n\nQui aute veniam tempor ullamco dolore ut adipisicing mollit labore non. Do ex ad laborum sint amet dolore exercitation consectetur elit incididunt Lorem minim ullamco. Elit minim incididunt cupidatat culpa nisi aliqua. Minim occaecat esse eiusmod mollit aliquip incididunt excepteur pariatur dolor. Anim do pariatur irure laboris quis aliquip veniam nostrud anim sit laboris aliquip incididunt.\n\nFugiat ullamco ex mollit nisi minim. Aliqua pariatur do cillum ut. Deserunt laboris labore dolor amet.\n\nLaboris fugiat eiusmod ut sint minim. Cillum excepteur ea aliquip do et commodo Lorem eiusmod anim. Eu incididunt id sit tempor tempor in.	6	3	10	2021-02-08 03:33:24.602379+00	2021-02-08 03:33:24.602379+00
21	Officia mollit esse ut reprehenderit aute pariatur ullamco amet amet consectetur commodo aliqua.	Quis excepteur ullamco consectetur ipsum consequat cupidatat. Ut cillum laborum sit voluptate magna exercitation dolor duis elit. Mollit elit ex nostrud exercitation consectetur in reprehenderit duis reprehenderit. Non ad velit sint exercitation occaecat sint proident id.	\N	Est id quis eiusmod aliquip voluptate incididunt exercitation. Proident consequat do ea aute tempor duis cupidatat non ea elit. Labore aliqua minim magna consequat dolor ex aute ipsum nisi Lorem laborum ad.\n\nMagna officia enim exercitation do consequat aliquip do cillum officia ullamco excepteur laborum occaecat. Magna qui adipisicing ex consequat cupidatat amet commodo voluptate occaecat excepteur ea ut. Et duis cillum eu adipisicing veniam eu mollit qui. Veniam amet duis ad ut culpa nisi proident quis ex id esse labore dolore.\n\nLabore consectetur fugiat ad reprehenderit adipisicing pariatur ullamco enim dolore occaecat mollit. Officia pariatur esse reprehenderit do anim voluptate fugiat dolor aliquip. Ut duis consequat fugiat magna sit laborum enim. Excepteur irure in officia in consequat nostrud do nisi eu eiusmod do. Nulla anim elit consectetur cillum magna deserunt mollit ut occaecat eiusmod qui sint et id. Qui adipisicing enim aute labore. Elit sunt eu aliqua ex minim.\n\nEiusmod ea eu laborum eu sit amet dolore Lorem velit quis mollit exercitation aute consectetur. Enim culpa irure voluptate velit incididunt exercitation sunt voluptate proident deserunt deserunt tempor ad commodo. Quis esse ullamco nostrud minim sunt adipisicing ad id ad fugiat officia exercitation culpa ullamco. Eiusmod aute anim tempor sint. Aute voluptate aute qui qui.\n\nDo labore minim amet et non esse elit minim nostrud consequat. Et commodo id exercitation ex. Sint ipsum proident Lorem sint anim cillum. Elit labore pariatur ut duis velit irure qui dolore aliqua sit mollit dolore nostrud. Laboris ea quis commodo occaecat ea proident fugiat consequat duis magna commodo. Dolor et nostrud ea pariatur et ullamco tempor. Velit est eu et sint enim enim nostrud et deserunt excepteur ullamco.\n\nAute quis id cillum est nulla pariatur. Nisi Lorem veniam dolor ullamco irure aliqua consectetur laboris. Quis ad aliqua mollit laboris.	7	3	10	2021-02-08 03:33:24.602379+00	2021-02-08 03:33:24.602379+00
\.


--
-- Data for Name: online_course_objectives; Type: TABLE DATA; Schema: public; Owner: badiklatpmi-dev
--

COPY public.online_course_objectives (id, description, "courseId", "order", "createdAt", "updatedAt") FROM stdin;
1	Laboris sint enim tempor Lorem excepteur ipsum consectetur cupidatat ad. .	1	1	2021-02-08 03:33:26.37745+00	2021-02-08 03:33:26.37745+00
2	Elit exercitation sint duis ex occaecat cupidatat enim aute. Incididunt ipsum do eiusmod dolor deserunt.	1	2	2021-02-08 03:33:26.37745+00	2021-02-08 03:33:26.37745+00
3	Eu aliquip sint sit irure cupidatat consectetur. Fugiat excepteur mollit nulla ullamco magna incididunt dolore est do cillum.	1	3	2021-02-08 03:33:26.37745+00	2021-02-08 03:33:26.37745+00
4	Nostrud ad occaecat aliqua in. Ea Lorem culpa eiusmod fugiat.	1	4	2021-02-08 03:33:26.37745+00	2021-02-08 03:33:26.37745+00
5	Laboris sint enim tempor Lorem excepteur ipsum consectetur cupidatat ad. Fugiat enim non qui dolor officia.	2	1	2021-02-08 03:33:26.37745+00	2021-02-08 03:33:26.37745+00
6	Eu aliquip sint sit irure cupidatat consectetur. Fugiat excepteur mollit nulla ullamco magna incididunt dolore est do cillum.	2	2	2021-02-08 03:33:26.37745+00	2021-02-08 03:33:26.37745+00
7	Nostrud ad occaecat aliqua in. Ea Lorem culpa eiusmod fugiat. Tempor qui minim laborum elit cillum exercitation excepteur laborum occaecat. 	2	3	2021-02-08 03:33:26.37745+00	2021-02-08 03:33:26.37745+00
8	Laboris sint enim tempor Lorem excepteur ipsum consectetur cupidatat ad. Fugiat enim non qui dolor officia.	2	4	2021-02-08 03:33:26.37745+00	2021-02-08 03:33:26.37745+00
9	Elit exercitation sint duis ex occaecat cupidatat enim aute. Incididunt ipsum do eiusmod dolor deserunt.	2	5	2021-02-08 03:33:26.37745+00	2021-02-08 03:33:26.37745+00
10	Elit et ex mollit proident sint laborum adipisicing. Enim fugiat cupidatat id deserunt proident in exercitation laboris consectetur veniam irure.	2	1	2021-02-08 03:33:26.37745+00	2021-02-08 03:33:26.37745+00
\.


--
-- Data for Name: online_course_questions; Type: TABLE DATA; Schema: public; Owner: badiklatpmi-dev
--

COPY public.online_course_questions (id, content, "imageUri", "order", duration, "questionableType", score, "onlineCourseModuleId", "createdAt", "updatedAt", "videoId") FROM stdin;
27	Test	\N	1	30	WordPuzzle	1	22	2021-06-11 02:44:38.752+00	2021-06-11 02:44:38.752+00	\N
28	Ninja	\N	2	30	MultipleChoice	1	22	2021-06-11 02:47:49.027+00	2021-06-11 02:47:49.027+00	\N
1	Nostrud velit et sit labore duis eiusmod magna cupidatat ipsum. Velit id enim ipsum aliqua qui veniam cillum ipsum anim anim ad in. Eiusmod sunt mollit aliquip aliqua adipisicing duis et.	\N	1	21600	WordPuzzle	1	1	2021-02-08 03:33:24.937365+00	2021-02-08 03:33:24.937365+00	\N
2	Sint duis dolor sint culpa. Dolore quis reprehenderit in ea quis qui ex fugiat. Elit enim laboris deserunt ipsum incididunt laborum occaecat duis laborum Lorem culpa. Ad deserunt esse laborum tempor est dolore reprehenderit do ullamco. Officia in adipisicing incididunt adipisicing ad excepteur excepteur ex voluptate eu do ea commodo ipsum. Laboris dolor consequat laboris ea eu tempor sint consectetur quis anim.	\N	2	21600	MultipleChoice	1	1	2021-02-08 03:33:24.937365+00	2021-02-08 03:33:24.937365+00	fn-sXs-V08o
3	Ea velit elit ullamco irure non veniam commodo aliquip duis amet. Magna est cillum minim ipsum esse laboris. Excepteur deserunt velit aliquip deserunt incididunt. Proident irure nostrud ex incididunt sunt ea dolor reprehenderit exercitation labore consectetur eiusmod commodo. Lorem labore irure do laborum sint magna enim ea dolore deserunt nostrud officia.	\N	3	21600	ImagePuzzle	1	1	2021-02-08 03:33:24.937365+00	2021-02-08 03:33:24.937365+00	\N
4	Ex irure ad aute commodo mollit amet reprehenderit velit in cupidatat. Laborum sunt sint ullamco enim. Ullamco ullamco irure proident reprehenderit tempor proident qui veniam amet voluptate consequat laborum incididunt pariatur.	\N	4	21600	Categorization	1	1	2021-02-08 03:33:24.937365+00	2021-02-08 03:33:24.937365+00	fn-sXs-V08o
5	Veniam eu ad est sint minim aute aliquip ullamco deserunt. Deserunt exercitation quis amet do ad tempor sunt nulla. Consectetur ut pariatur tempor dolore fugiat laborum fugiat et aliquip aute. Est amet deserunt duis anim culpa dolor exercitation consectetur anim commodo cillum quis. Duis quis elit nulla incididunt adipisicing id nisi exercitation duis. Do tempor voluptate et ipsum irure minim aliqua velit ipsum sint.	\N	5	21600	MatchPuzzle	1	1	2021-02-08 03:33:24.937365+00	2021-02-08 03:33:24.937365+00	\N
6	Amet minim non duis eu labore ex officia. Consectetur sit eu aute dolore id do laboris labore do deserunt eiusmod. Excepteur ex irure cillum enim culpa tempor exercitation in aute. Consectetur pariatur enim duis laborum. Do enim cupidatat officia nisi aute do.	\N	1	21600	WordPuzzle	1	2	2021-02-08 03:33:24.937365+00	2021-02-08 03:33:24.937365+00	\N
7	Et velit non pariatur est enim mollit magna. Aliqua Lorem incididunt deserunt et aute reprehenderit qui et aliqua elit. Enim tempor fugiat commodo officia minim nisi sit irure nostrud nulla do excepteur aliquip sint.	\N	2	21600	MultipleChoice	1	2	2021-02-08 03:33:24.937365+00	2021-02-08 03:33:24.937365+00	\N
8	Eu dolor non est proident nulla ad fugiat sunt incididunt duis. Occaecat aliqua duis proident nostrud ex esse ad consequat tempor nostrud ad nulla eu consequat. Cillum sit fugiat minim cillum ullamco tempor. Laborum velit sit ea quis aliquip. Anim quis cillum irure deserunt. Cillum consectetur tempor tempor aute culpa reprehenderit.	\N	3	21600	ImagePuzzle	1	2	2021-02-08 03:33:24.937365+00	2021-02-08 03:33:24.937365+00	\N
9	Culpa veniam pariatur nostrud veniam deserunt veniam ut exercitation sunt. Ut quis pariatur cillum laborum laboris eiusmod occaecat cillum laboris. Minim pariatur non magna cillum reprehenderit cillum et magna fugiat quis excepteur. Ex eu commodo ad sunt dolore.	\N	4	21600	Categorization	1	2	2021-02-08 03:33:24.937365+00	2021-02-08 03:33:24.937365+00	\N
10	Officia proident cupidatat anim duis ut nostrud aute irure commodo aliquip veniam voluptate. Velit qui sint in enim commodo officia Lorem magna sit pariatur laborum incididunt amet. Fugiat enim eu duis qui dolore eiusmod excepteur do qui. Dolor et nostrud in qui in irure aute nostrud deserunt labore do.	\N	1	21600	MatchPuzzle	1	3	2021-02-08 03:33:24.937365+00	2021-02-08 03:33:24.937365+00	\N
11	Veniam est incididunt et minim sint ex. Nulla nulla do nulla esse occaecat ipsum exercitation do aute deserunt. Laboris laborum anim amet officia anim. Id qui consequat nisi labore eiusmod mollit laboris consequat laborum excepteur velit ut laborum. Incididunt culpa labore minim anim adipisicing ex irure quis fugiat nisi dolore anim mollit. Reprehenderit consectetur ipsum qui laborum ut sit eu sit irure excepteur laborum excepteur. Proident nostrud culpa dolore veniam culpa culpa labore est occaecat ea.	\N	2	21600	WordPuzzle	1	3	2021-02-08 03:33:24.937365+00	2021-02-08 03:33:24.937365+00	\N
12	Veniam sit esse reprehenderit ipsum excepteur non aliquip non sunt aute aute eiusmod est id. Et sit laboris minim officia aliqua veniam nostrud occaecat eu elit nisi. Occaecat proident est dolor commodo amet occaecat Lorem commodo consectetur nulla id velit. Exercitation culpa nulla nostrud laborum aliquip labore eiusmod sit. Nulla est dolore et laboris adipisicing. Ut magna do exercitation quis laboris quis ullamco quis culpa amet.	\N	3	21600	MultipleChoice	1	3	2021-02-08 03:33:24.937365+00	2021-02-08 03:33:24.937365+00	\N
13	Duis minim do officia enim Lorem esse adipisicing velit eiusmod cupidatat laboris aute. Proident deserunt ullamco ullamco ad. Dolor ex duis proident eu exercitation. Ea adipisicing anim tempor voluptate culpa sit. Cupidatat adipisicing occaecat Lorem dolor excepteur. Est ad mollit culpa minim.	\N	4	21600	ImagePuzzle	1	3	2021-02-08 03:33:24.937365+00	2021-02-08 03:33:24.937365+00	\N
14	Amet ex eu nisi deserunt sint laboris sunt consequat eu tempor in aliquip deserunt. Est id esse pariatur adipisicing in. Ad est in aliquip dolore ut. Incididunt et aliqua mollit quis irure occaecat excepteur excepteur. Commodo qui dolore Lorem eiusmod veniam eu adipisicing commodo. Lorem laboris velit eu deserunt. Id ex non id laboris consectetur enim non proident eu dolore qui voluptate consequat.	\N	5	21600	Categorization	1	3	2021-02-08 03:33:24.937365+00	2021-02-08 03:33:24.937365+00	\N
15	Nulla est esse Lorem sint. Ipsum Lorem consequat occaecat enim deserunt eu esse. Aliqua veniam aute anim dolor qui excepteur anim exercitation. Officia in qui aliquip anim ea eiusmod magna est labore sunt excepteur.	\N	6	21600	MatchPuzzle	1	3	2021-02-08 03:33:24.937365+00	2021-02-08 03:33:24.937365+00	\N
16	Qui cillum nulla nulla sit laborum ullamco esse tempor exercitation consectetur. Nisi elit esse nulla veniam excepteur culpa officia labore aute ad et. Occaecat Lorem veniam quis eiusmod incididunt. Reprehenderit occaecat nisi ullamco nulla incididunt voluptate sunt cupidatat laboris ea sunt velit. Ad ipsum excepteur proident consequat veniam culpa dolor cupidatat esse laborum duis deserunt officia.	\N	7	21600	WordPuzzle	1	3	2021-02-08 03:33:24.937365+00	2021-02-08 03:33:24.937365+00	\N
17	Nisi labore labore dolore esse exercitation officia aliqua nulla nulla minim esse dolore cupidatat. Officia sint pariatur adipisicing et duis enim exercitation nisi magna laboris dolor pariatur. Laboris labore magna irure sit dolore labore do. Cillum amet proident sint ullamco mollit. Pariatur cillum irure eiusmod nostrud duis nisi sunt sunt est labore consectetur. Qui duis esse anim nisi anim non minim velit cillum.	\N	1	21600	MultipleChoice	1	4	2021-02-08 03:33:24.937365+00	2021-02-08 03:33:24.937365+00	\N
18	Pariatur anim nulla aute sint reprehenderit consequat voluptate enim irure. Culpa labore duis culpa nisi exercitation. Fugiat officia fugiat commodo laboris officia pariatur elit ullamco irure. Est amet amet minim ad eu. Velit elit adipisicing veniam ex occaecat qui cupidatat deserunt ea quis sit qui irure.	\N	2	21600	ImagePuzzle	1	4	2021-02-08 03:33:24.937365+00	2021-02-08 03:33:24.937365+00	\N
19	Amet enim anim Lorem nostrud est in laboris laboris id id duis ea. Ad sit sit esse ad laboris officia do sunt deserunt do sint. Ipsum consectetur culpa laborum duis dolor fugiat cupidatat eu anim non duis amet officia dolor. Eu eu ad labore irure Lorem sit occaecat nostrud ut. Occaecat dolore aliquip minim et nostrud commodo ut in aliqua adipisicing. Amet do officia cupidatat eiusmod anim. Ad sunt dolor laboris labore incididunt ad quis nisi irure velit enim reprehenderit.	\N	3	21600	Categorization	1	4	2021-02-08 03:33:24.937365+00	2021-02-08 03:33:24.937365+00	\N
20	Excepteur ipsum incididunt Lorem eu dolore laborum eu sunt Lorem esse ullamco nostrud laboris. Sint pariatur pariatur sunt pariatur esse elit pariatur quis. Minim elit sit aute fugiat sunt nisi officia reprehenderit exercitation. Culpa pariatur ullamco magna sint laboris dolor pariatur elit proident duis eu anim. Nulla sit incididunt et ipsum id voluptate.	\N	4	21600	MatchPuzzle	1	4	2021-02-08 03:33:24.937365+00	2021-02-08 03:33:24.937365+00	\N
21	Sint velit culpa ea eiusmod veniam enim excepteur mollit deserunt. Cillum laboris consectetur exercitation laborum sint ea cillum id velit ullamco esse proident. Aliqua incididunt non ullamco nisi adipisicing. Lorem cupidatat consectetur ea consectetur nulla commodo enim. Labore esse occaecat nisi elit aliquip elit culpa ex consequat id.	\N	5	21600	WordPuzzle	1	4	2021-02-08 03:33:24.937365+00	2021-02-08 03:33:24.937365+00	\N
22	Aliquip incididunt cupidatat amet qui officia Lorem minim reprehenderit aliquip. Fugiat veniam nostrud nisi adipisicing exercitation ad anim. Minim anim est labore cupidatat aliqua eu velit deserunt elit sunt. Deserunt id minim in anim eu dolore aute dolor excepteur Lorem sunt.	\N	1	21600	MultipleChoice	1	5	2021-02-08 03:33:24.937365+00	2021-02-08 03:33:24.937365+00	\N
23	Id pariatur cupidatat eiusmod consectetur dolore laborum ea eiusmod. Veniam ut nisi ea sit laboris minim laboris in cillum. Non in ea voluptate adipisicing Lorem eiusmod eu elit ipsum. Et quis elit ex est excepteur laborum. Aliqua est elit ut occaecat elit nisi amet magna. Ex cupidatat laboris cillum quis culpa tempor tempor do ea amet ullamco.	\N	2	21600	ImagePuzzle	1	5	2021-02-08 03:33:24.937365+00	2021-02-08 03:33:24.937365+00	\N
26	Quis enim ea officia nisi pariatur sit irure cillum adipisicing labore cillum adipisicing consectetur id. Ex eiusmod laborum nostrud et consequat. Ea fugiat et excepteur irure cupidatat Lorem tempor nulla est non aute sint incididunt. Ullamco mollit id veniam consequat esse dolore commodo eiusmod exercitation anim. Id id exercitation est laborum esse.	\N	5	21600	WordPuzzle	1	8	2021-02-08 03:33:24.937365+00	2021-02-08 03:33:24.937365+00	\N
25	Nostrud ad laborum consequat nulla id ipsum proident qui magna duis. Aliqua adipisicing sunt et ad amet. Incididunt et sit aute reprehenderit tempor tempor commodo proident aute sit et ea exercitation officia. Ex incididunt in sint exercitation cupidatat officia qui ad. Officia ea et irure eu elit nostrud sit labore magna aute commodo. Ex officia culpa id qui anim dolore ad cillum dolor. Et laborum exercitation quis eiusmod est.	\N	4	21600	MatchPuzzle	1	7	2021-02-08 03:33:24.937365+00	2021-02-08 03:33:24.937365+00	\N
24	Dolor eiusmod incididunt dolor pariatur Lorem laboris laborum irure ut nostrud laboris. Non ipsum nostrud ad veniam laboris aliquip magna nulla consequat ut occaecat sunt labore. Fugiat velit Lorem proident aute veniam minim in commodo labore ullamco irure commodo.	\N	3	21600	Categorization	1	6	2021-02-08 03:33:24.937365+00	2021-02-08 03:33:24.937365+00	\N
\.


--
-- Data for Name: online_course_videos; Type: TABLE DATA; Schema: public; Owner: badiklatpmi-dev
--

COPY public.online_course_videos (id, title, description, "videoId", "order", "onlineCourseModuleId", "createdAt", "updatedAt") FROM stdin;
1	Dolore non cillum et nulla laborum fugiat culpa ea duis eu magna.	Reprehenderit elit occaecat anim id aute eu Lorem est aliqua fugiat aliqua occaecat ut commodo. Commodo nulla ut elit incididunt pariatur pariatur et ea consectetur occaecat fugiat excepteur occaecat. Minim labore eiusmod cillum tempor fugiat labore labore excepteur commodo pariatur incididunt. Ipsum pariatur elit ut occaecat sint excepteur labore velit ipsum ipsum.	ZPSmYuzrQ0U	1	1	2021-02-08 03:33:27.319668+00	2021-02-08 03:33:27.319668+00
2	Et dolore aliqua fugiat qui ea enim nulla voluptate reprehenderit esse esse veniam.	Et est laboris sint eu. Sunt proident pariatur magna qui excepteur ex ipsum sunt commodo irure adipisicing est magna. Laborum velit minim aliqua ipsum enim nostrud. Irure aliquip labore occaecat deserunt nostrud fugiat enim sint officia. Dolor adipisicing ullamco est nulla tempor irure sint commodo. Ea enim est culpa laborum ad mollit enim nostrud. Deserunt cillum aute est adipisicing proident aliqua.	ZPSmYuzrQ0U	2	1	2021-02-08 03:33:27.319668+00	2021-02-08 03:33:27.319668+00
\.


--
-- Data for Name: online_courses; Type: TABLE DATA; Schema: public; Owner: badiklatpmi-dev
--

COPY public.online_courses (id, title, description, "imageUri", content, price, discount, "isPremium", state, "requiredScore", "categoryId", slug, "createdAt", "updatedAt") FROM stdin;
1	Cillum deserunt anim veniam sit cupidatat est non.	Cupidatat sunt fugiat ex excepteur laboris in consequat mollit occaecat consequat culpa nisi pariatur cillum. Occaecat eiusmod et elit nisi id culpa. Consectetur commodo mollit consectetur cupidatat Lorem.	\N	Minim culpa adipisicing et ut adipisicing incididunt Lorem. Consequat officia duis proident eiusmod consectetur culpa aliquip quis aliquip minim dolore laboris mollit. Et ullamco ea eiusmod nostrud sunt ullamco. Lorem culpa consectetur laboris nulla anim fugiat dolore excepteur amet velit sunt culpa laboris. Et aute non nostrud qui Lorem laborum est exercitation aute enim eiusmod reprehenderit. Amet proident quis aute fugiat dolor aliquip esse aliquip eu aliquip incididunt laborum commodo id.\n\n  Proident aute officia mollit sit aliquip occaecat Lorem. Labore dolor aliquip eiusmod aliqua anim veniam elit in laboris cillum do ex qui tempor. In cupidatat excepteur sint minim do. Sunt labore enim sint aute minim. Qui officia proident ipsum labore dolore non commodo aliquip ex id excepteur reprehenderit quis mollit. Fugiat sint enim culpa minim.\n\n  Pariatur proident laborum exercitation quis est aliquip ad consequat proident non. Duis pariatur deserunt nulla voluptate amet enim dolore ea est. Enim deserunt sit velit mollit aute in irure cupidatat. Occaecat tempor fugiat sit dolor duis ullamco sit proident quis ea dolore ex. Velit aliqua qui est minim dolore magna et esse cillum exercitation nostrud.\n\n  Adipisicing pariatur pariatur est officia. Duis ad commodo amet sunt dolore amet. Nisi pariatur ad do minim incididunt voluptate laborum dolor ipsum sint.\n\n  Duis eiusmod consequat anim eiusmod officia aliqua eu est culpa occaecat labore voluptate culpa irure. Adipisicing dolor commodo ad cillum proident ullamco quis eu esse ex cupidatat pariatur ut enim. Sunt laborum non pariatur enim non nulla voluptate sit adipisicing laborum occaecat. Amet reprehenderit ad enim do aute enim qui consequat proident non. Ut consequat tempor Lorem est labore ad anim tempor enim nisi et elit nisi.	0	0	t	active	100	1	lorem-de-ipsum-dolor-9797	2021-02-08 03:33:24.388424+00	2021-02-08 03:33:24.388424+00
2	Esse nisi velit sunt sunt ea deserunt.	Nulla veniam nostrud non irure dolor eiusmod pariatur cillum quis sunt in aliqua occaecat aliquip. Et laboris sit culpa veniam. Deserunt do velit cillum est anim fugiat aliquip labore qui proident. Commodo ut exercitation aute duis occaecat sunt eu labore. Deserunt labore in incididunt ullamco velit nostrud culpa nostrud commodo.	\N	Ut eiusmod exercitation ipsum ullamco nisi consequat culpa dolore irure mollit. Labore excepteur magna proident esse id. Adipisicing non nulla laboris pariatur fugiat Lorem id dolore laboris. Lorem adipisicing esse eiusmod est ad minim consequat labore ea. Cillum elit ad irure deserunt do sit incididunt quis tempor proident. Ea irure nulla sint anim esse nostrud duis nisi do consequat reprehenderit Lorem.\n\n  Ullamco elit pariatur irure voluptate veniam anim veniam dolore veniam nisi. Anim mollit minim in nulla aliqua. Veniam mollit sit velit magna do incididunt esse voluptate culpa. Ut veniam magna adipisicing veniam cillum aliquip sunt dolor.\n\n  Fugiat ipsum ut amet esse elit sint officia. Voluptate do adipisicing proident pariatur nostrud cupidatat ipsum aute aute dolore elit amet officia. Nulla nisi aute Lorem laborum veniam. Dolore proident proident commodo labore elit eiusmod. Amet mollit dolore ea sint anim ex consectetur nisi. Non deserunt ex exercitation enim nulla aliqua excepteur.\n\n  Velit mollit amet non ipsum aliquip eu excepteur in incididunt nulla aute commodo. Voluptate commodo ipsum deserunt et cillum incididunt minim commodo voluptate sunt amet do est laborum. Fugiat nulla voluptate sit pariatur esse. Nisi elit deserunt elit anim laboris tempor veniam proident proident mollit dolore aliquip incididunt.\n\n  Magna proident nisi duis veniam magna. Irure sunt aliqua non enim laboris tempor irure irure enim ullamco ea elit. Ullamco ullamco irure consequat velit do dolor et nulla. Enim esse ullamco labore deserunt. Nisi qui in ad eu dolore nostrud nulla ullamco. Nostrud eiusmod non minim et qui magna incididunt aliqua ad irure ex reprehenderit laboris anim. Lorem amet excepteur commodo veniam veniam pariatur quis sit nulla tempor.\n\n  Culpa ad reprehenderit sunt et deserunt non minim officia sunt aliquip sint. Id ipsum voluptate amet in pariatur irure ullamco exercitation pariatur enim dolore magna adipisicing. Pariatur quis officia do aliqua enim elit excepteur aliqua irure cillum exercitation id.	0	0	t	active	100	1	lorem-de-ipsum-dolor-1235	2021-02-08 03:33:24.388424+00	2021-02-08 03:33:24.388424+00
3	Pariatur labore ut veniam ex fugiat ullamco adipisicing mollit culpa eiusmod.	Sint veniam aliqua laboris nisi ullamco anim commodo. Ea pariatur quis quis commodo nisi excepteur laboris eiusmod nulla eu et fugiat. Officia laborum fugiat elit nisi cillum mollit tempor. Elit aliqua nulla laboris et laborum Lorem reprehenderit deserunt nostrud nostrud pariatur voluptate. Eu nostrud commodo adipisicing consectetur excepteur incididunt. Est incididunt qui amet incididunt fugiat.	\N	Ipsum veniam occaecat pariatur tempor elit commodo amet esse. Qui sint sint officia aliquip exercitation Lorem labore occaecat irure sunt aliquip enim laborum. Et officia in dolore sint nulla irure mollit veniam voluptate id sint officia eu. Proident fugiat Lorem esse esse culpa quis proident ipsum mollit anim nulla. Cupidatat anim laborum velit voluptate elit. Velit sit occaecat esse fugiat magna in officia sit.\n\n  Nostrud est elit excepteur elit nostrud excepteur est laboris. Nisi tempor duis anim cupidatat aliquip ad Lorem ex sint dolore. Ex dolor elit aliqua officia ex commodo ipsum voluptate elit sit proident aute fugiat. Ea aute aliqua Lorem occaecat. Qui reprehenderit cupidatat consectetur occaecat voluptate esse. Consequat ut Lorem sint in ut consectetur ut.\n\n  Commodo exercitation magna ex Lorem veniam occaecat dolor eu. Anim magna adipisicing cupidatat irure adipisicing eu est enim est exercitation labore consequat magna excepteur. Ex sint sit irure sunt nulla. Nisi elit dolore irure excepteur eiusmod quis laborum voluptate. Pariatur adipisicing ad consectetur occaecat. Magna labore sint voluptate ullamco mollit cupidatat duis amet eu excepteur minim sit ad.\n\n  Dolor veniam nisi eu Lorem do ipsum irure ex ad voluptate nostrud. Incididunt non aliquip occaecat enim adipisicing voluptate ut et labore nulla mollit. Est laborum est voluptate anim cupidatat elit. Et adipisicing id et sit nulla commodo tempor. Ea Lorem dolore ullamco mollit sunt adipisicing et commodo quis culpa. Sint elit fugiat do qui mollit quis veniam esse aliquip.\n\n  Culpa qui reprehenderit sint esse commodo aute ad aliqua commodo qui deserunt. In sunt eu irure ad eiusmod exercitation est tempor dolore. Irure commodo incididunt nostrud ex reprehenderit nostrud nostrud elit enim. Excepteur aliquip proident velit dolor ex amet ex. Nulla exercitation nisi enim anim esse eiusmod velit. Et nostrud tempor sint nisi tempor veniam non in culpa duis.\n\n  Aliqua eiusmod nostrud ullamco officia culpa aute et aute cupidatat. Aliqua proident pariatur in quis non. Cupidatat amet aliqua labore eiusmod dolor irure amet Lorem non exercitation commodo occaecat anim.	0	0	t	active	100	1	lorem-de-ipsum-dolor-3242	2021-02-08 03:33:24.388424+00	2021-02-08 03:33:24.388424+00
4	Laborum duis aute mollit occaecat laborum laboris labore ea dolor officia quis.	Labore ea et sit deserunt ipsum amet laborum exercitation excepteur. Ex enim amet deserunt esse dolore incididunt nisi qui consectetur excepteur nulla. Deserunt est laborum labore incididunt duis.	\N	Commodo veniam ex laborum nulla nisi velit occaecat irure sint magna incididunt voluptate. Aliquip nulla eu Lorem esse adipisicing magna veniam. Eiusmod dolor nostrud Lorem id dolor dolor velit nulla fugiat nisi ad sit minim ullamco. Id veniam labore aliqua magna ipsum exercitation dolore ut non minim est ut magna. In culpa enim pariatur voluptate ullamco in magna elit culpa cupidatat magna irure sit incididunt. Anim qui dolore ullamco eiusmod officia laboris qui fugiat elit dolore sit in.\n\n  Velit consequat minim aliqua esse consequat eu. Aute do aute amet officia ipsum commodo duis deserunt deserunt ea nostrud nulla. Ut aliquip deserunt Lorem sit velit consequat sit culpa exercitation laboris culpa.\n\n  Fugiat velit velit sunt proident tempor labore ipsum sit non excepteur nulla. Commodo exercitation sit sint cupidatat deserunt sit in culpa cupidatat ut proident tempor aute pariatur. Mollit ipsum veniam deserunt est elit ullamco nostrud aliquip consectetur elit aliqua. Quis labore elit laboris eiusmod incididunt nulla aliquip nulla eiusmod ut. In enim deserunt eu aliquip.\n\n  Laborum est minim anim et voluptate ullamco id. Ea id esse officia anim aliqua est. Est ea dolore deserunt ipsum velit proident Lorem dolor dolor sint esse. Tempor in dolor laborum labore exercitation.\n\n  Ea eu dolor excepteur incididunt tempor dolor minim ad irure in nostrud excepteur magna. Ullamco tempor commodo ut eiusmod eiusmod sint ad. Dolor anim laborum exercitation ex do do ullamco enim ut excepteur adipisicing. Quis duis magna ipsum eiusmod qui voluptate ut elit excepteur eiusmod aliquip voluptate ipsum. Incididunt sunt aliquip reprehenderit duis eiusmod incididunt adipisicing labore dolor. Enim voluptate irure duis ipsum eiusmod minim aute minim excepteur. Nulla deserunt culpa non anim mollit et occaecat officia do adipisicing eu veniam exercitation.	0	0	t	active	100	1	lorem-de-ipsum-dolor-1834	2021-02-08 03:33:24.388424+00	2021-02-08 03:33:24.388424+00
5	Est cupidatat officia aliqua nulla quis consectetur sit enim.	Mollit est non aute minim est magna Lorem ea labore Lorem aliqua. Sit ea magna sit esse occaecat sit cillum proident nisi pariatur non labore consectetur labore. Sunt culpa ut et dolor laboris irure. Laboris velit nulla sunt cillum sint ut in duis dolore magna esse. Dolore sit dolore esse tempor laboris anim pariatur eu est sunt laboris sunt exercitation.	\N	Deserunt excepteur enim ullamco exercitation sunt eu. Laborum sunt laborum aliqua ut in eu velit sint. Veniam deserunt et qui aliqua ad est officia ex enim sunt magna. Deserunt pariatur nulla magna voluptate et ea mollit sunt incididunt. Consectetur enim ea reprehenderit ex officia consequat ipsum mollit mollit tempor velit.\n\n  Enim laborum elit velit voluptate deserunt aliquip magna nisi ipsum aute adipisicing id tempor. Duis sunt duis commodo tempor in nisi commodo elit adipisicing elit tempor aliquip cupidatat. Commodo laboris mollit fugiat ad commodo enim irure pariatur consequat aliqua in consectetur labore Lorem. Id nulla laborum est fugiat adipisicing Lorem laboris voluptate amet. Enim qui cupidatat veniam nisi exercitation nulla amet amet excepteur veniam. Est Lorem nostrud pariatur ea aute. Est reprehenderit aliquip adipisicing dolor.\n\n  Magna magna labore duis nulla nisi magna labore quis fugiat nisi occaecat. Est tempor minim nostrud nisi occaecat dolor nostrud incididunt id cupidatat cillum sunt excepteur eiusmod. Laboris exercitation laboris deserunt consectetur sit reprehenderit aliqua consequat ut eiusmod amet eu eiusmod labore. Tempor nisi reprehenderit enim nulla.\n\n  Labore est cillum consectetur irure eu dolor. Voluptate cupidatat minim nisi aliquip. Dolor ut culpa et est veniam. Cupidatat Lorem nulla veniam aliqua incididunt duis voluptate non dolore proident sint qui culpa excepteur. Minim minim magna minim officia id laboris sint qui cillum amet. Nostrud reprehenderit dolore non consectetur sint labore enim laboris ad dolore ea culpa irure commodo. Eu elit aliqua consequat magna et ea laboris non cupidatat enim duis.\n\n  Velit ipsum aliqua adipisicing incididunt sunt ea veniam officia non dolore incididunt Lorem incididunt ullamco. Culpa excepteur dolore Lorem enim ullamco proident ut qui non proident esse. Qui quis irure ut do occaecat exercitation esse. Adipisicing culpa cillum nisi nulla in ut ipsum minim officia velit anim duis deserunt.	0	0	t	active	100	1	lorem-de-ipsum-dolor-4564	2021-02-08 03:33:24.388424+00	2021-02-08 03:33:24.388424+00
6	Sint fugiat et irure consectetur laborum duis velit cillum labore ipsum dolor.	Magna Lorem velit enim velit magna amet sit voluptate aliqua consequat dolor fugiat. Ad aliquip eu tempor laborum ad aliqua. Commodo id consequat esse proident sit dolore culpa sunt eiusmod eu nisi sit. Labore consectetur sunt ut Lorem do occaecat minim ullamco. Pariatur nisi est minim deserunt do esse esse labore esse laboris aliquip. Minim est excepteur ad non officia sunt proident est deserunt ad esse voluptate. Incididunt enim labore duis excepteur laborum duis enim nostrud id.	\N	Irure cillum do non cupidatat. Tempor anim sit velit ad culpa id veniam mollit ad. Culpa labore dolor nostrud sunt ex consequat. Fugiat ea consequat eiusmod consequat.\n\n  Quis voluptate cillum non pariatur esse reprehenderit. Id excepteur elit fugiat proident officia tempor do. Dolore cillum ullamco reprehenderit fugiat fugiat velit.\n\n  Qui aute veniam tempor ullamco dolore ut adipisicing mollit labore non. Do ex ad laborum sint amet dolore exercitation consectetur elit incididunt Lorem minim ullamco. Elit minim incididunt cupidatat culpa nisi aliqua. Minim occaecat esse eiusmod mollit aliquip incididunt excepteur pariatur dolor. Anim do pariatur irure laboris quis aliquip veniam nostrud anim sit laboris aliquip incididunt.\n\n  Fugiat ullamco ex mollit nisi minim. Aliqua pariatur do cillum ut. Deserunt laboris labore dolor amet.\n\n  Laboris fugiat eiusmod ut sint minim. Cillum excepteur ea aliquip do et commodo Lorem eiusmod anim. Eu incididunt id sit tempor tempor in.	0	0	t	active	100	1	lorem-de-ipsum-dolor-1234	2021-02-08 03:33:24.388424+00	2021-02-08 03:33:24.388424+00
7	Officia mollit esse ut reprehenderit aute pariatur ullamco amet amet consectetur commodo aliqua.	Quis excepteur ullamco consectetur ipsum consequat cupidatat. Ut cillum laborum sit voluptate magna exercitation dolor duis elit. Mollit elit ex nostrud exercitation consectetur in reprehenderit duis reprehenderit. Non ad velit sint exercitation occaecat sint proident id.	\N	Est id quis eiusmod aliquip voluptate incididunt exercitation. Proident consequat do ea aute tempor duis cupidatat non ea elit. Labore aliqua minim magna consequat dolor ex aute ipsum nisi Lorem laborum ad.\n\n  Magna officia enim exercitation do consequat aliquip do cillum officia ullamco excepteur laborum occaecat. Magna qui adipisicing ex consequat cupidatat amet commodo voluptate occaecat excepteur ea ut. Et duis cillum eu adipisicing veniam eu mollit qui. Veniam amet duis ad ut culpa nisi proident quis ex id esse labore dolore.\n\n  Labore consectetur fugiat ad reprehenderit adipisicing pariatur ullamco enim dolore occaecat mollit. Officia pariatur esse reprehenderit do anim voluptate fugiat dolor aliquip. Ut duis consequat fugiat magna sit laborum enim. Excepteur irure in officia in consequat nostrud do nisi eu eiusmod do. Nulla anim elit consectetur cillum magna deserunt mollit ut occaecat eiusmod qui sint et id. Qui adipisicing enim aute labore. Elit sunt eu aliqua ex minim.\n\n  Eiusmod ea eu laborum eu sit amet dolore Lorem velit quis mollit exercitation aute consectetur. Enim culpa irure voluptate velit incididunt exercitation sunt voluptate proident deserunt deserunt tempor ad commodo. Quis esse ullamco nostrud minim sunt adipisicing ad id ad fugiat officia exercitation culpa ullamco. Eiusmod aute anim tempor sint. Aute voluptate aute qui qui.\n\n  Do labore minim amet et non esse elit minim nostrud consequat. Et commodo id exercitation ex. Sint ipsum proident Lorem sint anim cillum. Elit labore pariatur ut duis velit irure qui dolore aliqua sit mollit dolore nostrud. Laboris ea quis commodo occaecat ea proident fugiat consequat duis magna commodo. Dolor et nostrud ea pariatur et ullamco tempor. Velit est eu et sint enim enim nostrud et deserunt excepteur ullamco.\n\n  Aute quis id cillum est nulla pariatur. Nisi Lorem veniam dolor ullamco irure aliqua consectetur laboris. Quis ad aliqua mollit laboris.	0	0	t	active	100	1	lorem-de-ipsum-dolor-1231	2021-02-08 03:33:24.388424+00	2021-02-08 03:33:24.388424+00
9	tes	asdf	\N	asdf	0	0	t	draft	1111	1	tes-3474	2021-08-20 06:11:42.4+00	2021-08-20 06:11:42.4+00
8	CSS paragraph styles	lorem ipsum dolor sit amet buy	online-course/047393c4a6625dd19c6ce280d582ca79-simoniscloth.gal_.jpg	<p>The important <strong><em>thing</em></strong> about indented paragraphs is that the very first paragraph should <em>not</em> be indented (a common error Ive seen in eBooks). This is quite easy  for a normal webpage (you can use a tag called p+p), but unfortunately  it doesnt work on the Kindle  you have to do it manually.</p>\r\n<p>The important thing about <em>indented</em> paragraphs is that the very first paragraph should <em>not</em> be indented (a common error Ive seen in eBooks). This is quite easy  for a normal webpage (you can use a tag called p+p), but unfortunately  it doesnt work on the Kindle  you have to do it manually.</p>\r\n<p>The important thing about indented <strong>paragraphs</strong> is that the very first paragraph should <em>not</em> be indented (a common error Ive seen in eBooks). This is quite easy  for a normal webpage (you can use a tag called p+p), but unfortunately  it doesnt work on the Kindle  you have to do it manually.</p>\r\n<ol>\r\n<li><em>migrate</em> 1</li>\r\n<li><strong>migrate </strong>2</li>\r\n<li>migrate 3</li>\r\n</ol>\r\n<ul>\r\n<li>migrate 2</li>\r\n<li><strong><em>migrate</em></strong> 3</li>\r\n<li><em>migrate</em> 6</li>\r\n</ul>\r\n	0	0	f	draft	100	1	test-7463	2021-06-11 02:32:05.43+00	2022-02-08 03:43:29.128+00
\.


--
-- Data for Name: order_items; Type: TABLE DATA; Schema: public; Owner: badiklatpmi-dev
--

COPY public.order_items (id, "userId", "onlineCourseId", "orderId", "subTotal", discount, total, "isQuestionFinished", "createdAt", "updatedAt") FROM stdin;
6	11	1	6	0	0	0	f	2021-02-16 07:37:36.342+00	2021-02-16 07:59:15.551+00
7	12	1	7	0	0	0	f	2021-09-27 04:27:03.847+00	2021-09-27 04:28:10.193+00
1	1	1	1	1000000	0	1000000	f	2021-02-08 03:33:26.168718+00	2021-02-08 03:33:26.168718+00
2	2	1	2	1000000	0	1000000	f	2021-02-08 03:33:26.168718+00	2021-02-08 03:33:26.168718+00
3	3	1	3	1000000	0	1000000	f	2021-02-08 03:33:26.168718+00	2021-02-08 03:33:26.168718+00
4	4	1	4	1000000	0	1000000	f	2021-02-08 03:33:26.168718+00	2021-02-08 03:33:26.168718+00
5	5	1	5	1000000	0	1000000	f	2021-02-08 03:33:26.168718+00	2021-02-08 03:33:26.168718+00
\.


--
-- Data for Name: order_transactions; Type: TABLE DATA; Schema: public; Owner: badiklatpmi-dev
--

COPY public.order_transactions (id, "orderId", "transactionId", token, "tokenUri", state, "settledAt", "expiredAt", "createdAt", "updatedAt") FROM stdin;
1	1	1	\N	\N	success	2021-02-08 03:33:26.249+00	\N	2021-02-08 03:33:26.168718+00	2021-02-08 03:33:26.168718+00
2	2	2	\N	\N	success	2021-02-08 03:33:26.249+00	\N	2021-02-08 03:33:26.168718+00	2021-02-08 03:33:26.168718+00
3	3	3	\N	\N	success	2021-02-08 03:33:26.249+00	\N	2021-02-08 03:33:26.168718+00	2021-02-08 03:33:26.168718+00
4	4	4	\N	\N	success	2021-02-08 03:33:26.249+00	\N	2021-02-08 03:33:26.168718+00	2021-02-08 03:33:26.168718+00
5	5	5	\N	\N	success	2021-02-08 03:33:26.249+00	\N	2021-02-08 03:33:26.168718+00	2021-02-08 03:33:26.168718+00
\.


--
-- Data for Name: orders; Type: TABLE DATA; Schema: public; Owner: badiklatpmi-dev
--

COPY public.orders (id, "userId", "subTotal", discount, total, state, "createdAt", "updatedAt") FROM stdin;
1	1	1000000	0	1000000	success	2021-02-08 03:33:26.168718+00	2021-02-08 03:33:26.168718+00
2	2	1000000	0	1000000	success	2021-02-08 03:33:26.168718+00	2021-02-08 03:33:26.168718+00
3	3	1000000	0	1000000	success	2021-02-08 03:33:26.168718+00	2021-02-08 03:33:26.168718+00
4	4	1000000	0	1000000	success	2021-02-08 03:33:26.168718+00	2021-02-08 03:33:26.168718+00
5	5	1000000	0	1000000	success	2021-02-08 03:33:26.168718+00	2021-02-08 03:33:26.168718+00
6	11	0	0	0	success	2021-02-16 07:37:49.325+00	2021-02-16 07:37:49.325+00
7	12	0	0	0	success	2021-09-27 04:28:10.187+00	2021-09-27 04:28:10.187+00
\.


--
-- Data for Name: provinces; Type: TABLE DATA; Schema: public; Owner: badiklatpmi-dev
--

COPY public.provinces (id, name, "createdAt", "updatedAt") FROM stdin;
1	Aceh	2021-02-08 03:33:26.64036+00	2021-02-08 03:33:26.64036+00
2	Sumatera Utara	2021-02-08 03:33:26.64036+00	2021-02-08 03:33:26.64036+00
3	Sumatera Barat	2021-02-08 03:33:26.64036+00	2021-02-08 03:33:26.64036+00
4	Riau	2021-02-08 03:33:26.64036+00	2021-02-08 03:33:26.64036+00
5	Kepulauan Riau	2021-02-08 03:33:26.64036+00	2021-02-08 03:33:26.64036+00
6	Jambi	2021-02-08 03:33:26.64036+00	2021-02-08 03:33:26.64036+00
7	Sumatera Selatan	2021-02-08 03:33:26.64036+00	2021-02-08 03:33:26.64036+00
8	Kepulauan Bangka Belitung	2021-02-08 03:33:26.64036+00	2021-02-08 03:33:26.64036+00
9	Bengkulu	2021-02-08 03:33:26.64036+00	2021-02-08 03:33:26.64036+00
10	Lampung	2021-02-08 03:33:26.64036+00	2021-02-08 03:33:26.64036+00
11	DKI Jakarta	2021-02-08 03:33:26.64036+00	2021-02-08 03:33:26.64036+00
12	Banten	2021-02-08 03:33:26.64036+00	2021-02-08 03:33:26.64036+00
13	Jawa Barat	2021-02-08 03:33:26.64036+00	2021-02-08 03:33:26.64036+00
14	Jawa Tengah	2021-02-08 03:33:26.64036+00	2021-02-08 03:33:26.64036+00
15	DI Yogyakarta	2021-02-08 03:33:26.64036+00	2021-02-08 03:33:26.64036+00
16	Jawa Timur	2021-02-08 03:33:26.64036+00	2021-02-08 03:33:26.64036+00
17	Bali	2021-02-08 03:33:26.64036+00	2021-02-08 03:33:26.64036+00
18	Nusa Tenggara Barat	2021-02-08 03:33:26.64036+00	2021-02-08 03:33:26.64036+00
19	Nusa Tenggara Timur	2021-02-08 03:33:26.64036+00	2021-02-08 03:33:26.64036+00
20	Kalimantan Barat	2021-02-08 03:33:26.64036+00	2021-02-08 03:33:26.64036+00
21	Kalimantan Tengah	2021-02-08 03:33:26.64036+00	2021-02-08 03:33:26.64036+00
22	Kalimantan Selatan	2021-02-08 03:33:26.64036+00	2021-02-08 03:33:26.64036+00
23	Kalimantan Timur	2021-02-08 03:33:26.64036+00	2021-02-08 03:33:26.64036+00
24	Kalimantan Utara	2021-02-08 03:33:26.64036+00	2021-02-08 03:33:26.64036+00
25	Sulawesi Utara	2021-02-08 03:33:26.64036+00	2021-02-08 03:33:26.64036+00
26	Gorontalo	2021-02-08 03:33:26.64036+00	2021-02-08 03:33:26.64036+00
27	Sulawesi Tengah	2021-02-08 03:33:26.64036+00	2021-02-08 03:33:26.64036+00
28	Sulawesi Barat	2021-02-08 03:33:26.64036+00	2021-02-08 03:33:26.64036+00
29	Sulawesi Selatan	2021-02-08 03:33:26.64036+00	2021-02-08 03:33:26.64036+00
30	Sulawesi Tenggara	2021-02-08 03:33:26.64036+00	2021-02-08 03:33:26.64036+00
31	Maluku	2021-02-08 03:33:26.64036+00	2021-02-08 03:33:26.64036+00
32	Maluku Utara	2021-02-08 03:33:26.64036+00	2021-02-08 03:33:26.64036+00
33	Papua Barat	2021-02-08 03:33:26.64036+00	2021-02-08 03:33:26.64036+00
34	Papua	2021-02-08 03:33:26.64036+00	2021-02-08 03:33:26.64036+00
\.


--
-- Data for Name: question_results; Type: TABLE DATA; Schema: public; Owner: badiklatpmi-dev
--

COPY public.question_results (id, "orderItemId", score, "maxScore", "requiredScore", certificate, "createdAt", "updatedAt") FROM stdin;
1	1	60	100	70	online-course/attachment/0e76b6475e83d068fcf2ca3536d7a624-Screen Shot 2020-09-02 at 10.07.29.png	2021-02-08 03:33:26.509362+00	2021-02-08 03:33:26.509362+00
2	1	60	100	70	online-course/attachment/0e76b6475e83d068fcf2ca3536d7a624-Screen Shot 2020-09-02 at 10.07.29.png	2021-02-08 03:33:26.509362+00	2021-02-08 03:33:26.509362+00
3	1	60	100	70	online-course/attachment/0e76b6475e83d068fcf2ca3536d7a624-Screen Shot 2020-09-02 at 10.07.29.png	2021-02-08 03:33:26.509362+00	2021-02-08 03:33:26.509362+00
4	2	60	100	70	online-course/attachment/0e76b6475e83d068fcf2ca3536d7a624-Screen Shot 2020-09-02 at 10.07.29.png	2021-02-08 03:33:26.509362+00	2021-02-08 03:33:26.509362+00
5	6	21	30	100	\N	2021-03-29 02:41:15.087+00	2021-03-29 02:41:15.087+00
\.


--
-- Data for Name: question_sessions; Type: TABLE DATA; Schema: public; Owner: badiklatpmi-dev
--

COPY public.question_sessions (id, "sessionId", "questionId", "startedAt", "expiredAt", "answeredAt", score, "order", "isCurrent", "isLast", "createdAt", "updatedAt") FROM stdin;
34	9	6	2021-09-20 09:06:23.241+00	2021-09-20 15:06:23.241+00	2021-09-20 09:12:41.991+00	1	1	f	f	2021-09-20 09:06:23.241+00	2021-09-20 09:12:44.377+00
1	1	1	2021-02-16 07:38:10.968+00	2021-02-16 13:38:10.968+00	2021-02-16 07:38:20.448+00	1	1	f	f	2021-02-16 07:38:10.971+00	2021-02-16 07:38:23.792+00
21	4	16	2021-02-16 07:59:09.303+00	2021-02-16 13:59:09.303+00	2021-02-16 07:59:15.538+00	1	7	f	t	2021-02-16 07:44:00.799+00	2021-02-16 07:59:15.561+00
2	1	2	2021-02-16 07:38:23.81+00	2021-02-16 13:38:23.81+00	2021-02-16 07:38:32.852+00	0	2	f	f	2021-02-16 07:38:10.971+00	2021-02-16 07:38:35.643+00
3	1	3	2021-02-16 07:38:35.668+00	2021-02-16 13:38:35.668+00	2021-02-16 07:38:59.8+00	0	3	f	f	2021-02-16 07:38:10.971+00	2021-02-16 07:39:02.82+00
4	1	4	2021-02-16 07:39:02.84+00	2021-02-16 13:39:02.84+00	2021-02-16 07:39:17.93+00	1	4	f	f	2021-02-16 07:38:10.971+00	2021-02-16 07:39:20.677+00
22	5	17	2021-02-17 03:35:14.841+00	2021-02-17 09:35:14.841+00	2021-02-17 03:35:20.09+00	1	1	f	f	2021-02-17 03:35:14.842+00	2021-02-17 03:35:22.021+00
5	1	5	2021-02-16 07:39:20.698+00	2021-02-16 13:39:20.698+00	2021-02-16 07:39:30.601+00	1	5	f	t	2021-02-16 07:38:10.971+00	2021-02-16 07:39:30.634+00
6	2	1	2021-02-16 07:40:30.411+00	2021-02-16 13:40:30.411+00	2021-02-16 07:51:50.532+00	1	1	f	f	2021-02-16 07:40:30.411+00	2021-02-16 07:51:56.901+00
35	9	7	2021-09-20 09:12:44.458+00	2021-09-20 15:12:44.458+00	2021-09-20 09:12:49.15+00	0	2	f	f	2021-09-20 09:06:23.241+00	2021-09-20 09:12:52.165+00
23	5	18	2021-02-17 03:35:22.047+00	2021-02-17 09:35:22.047+00	2021-02-17 03:35:43.123+00	0	2	f	f	2021-02-17 03:35:14.842+00	2021-02-17 03:35:45.07+00
7	2	2	2021-02-16 07:51:56.917+00	2021-02-16 13:51:56.917+00	2021-02-16 07:52:02.571+00	0	2	f	f	2021-02-16 07:40:30.411+00	2021-02-16 07:52:05.397+00
8	2	3	2021-02-16 07:52:05.421+00	2021-02-16 13:52:05.421+00	2021-02-16 07:52:26.614+00	0	3	f	f	2021-02-16 07:40:30.411+00	2021-02-16 07:52:29.695+00
24	5	19	2021-02-17 03:35:45.121+00	2021-02-17 09:35:45.121+00	2021-02-17 03:36:00.695+00	1	3	f	f	2021-02-17 03:35:14.842+00	2021-02-17 03:36:02.377+00
36	9	8	2021-09-20 09:12:52.256+00	2021-09-20 15:12:52.256+00	2021-09-20 09:13:17.839+00	0	3	f	f	2021-09-20 09:06:23.241+00	2021-09-20 09:13:19.723+00
9	2	4	2021-02-16 07:52:29.724+00	2021-02-16 13:52:29.724+00	2021-02-16 07:52:42.319+00	1	4	f	f	2021-02-16 07:40:30.411+00	2021-02-16 07:52:45.312+00
25	5	20	2021-02-17 03:36:02.395+00	2021-02-17 09:36:02.395+00	2021-02-17 03:36:08.979+00	1	4	f	f	2021-02-17 03:35:14.842+00	2021-02-17 03:36:10.709+00
10	2	5	2021-02-16 07:52:45.339+00	2021-02-16 13:52:45.339+00	2021-02-16 07:52:52.167+00	1	5	f	t	2021-02-16 07:40:30.411+00	2021-02-16 07:52:52.198+00
48	12	6	2022-03-14 04:39:20.852+00	2022-03-14 10:39:20.852+00	2022-03-14 04:39:30.679+00	1	1	f	f	2022-03-14 04:39:20.854+00	2022-03-14 04:39:32.5+00
11	3	6	2021-02-16 07:43:30.193+00	2021-02-16 13:43:30.193+00	2021-02-16 07:53:16.471+00	1	1	f	f	2021-02-16 07:43:30.193+00	2021-02-16 07:53:20.169+00
37	9	9	2021-09-20 09:13:19.834+00	2021-09-20 15:13:19.834+00	2021-09-20 09:13:29.983+00	1	4	f	t	2021-09-20 09:06:23.241+00	2021-09-20 09:13:30.349+00
26	5	21	2021-02-17 03:36:10.724+00	2021-02-17 09:36:10.724+00	2021-02-17 03:36:17.123+00	1	5	f	t	2021-02-17 03:35:14.842+00	2021-02-17 03:36:17.155+00
12	3	7	2021-02-16 07:53:20.19+00	2021-02-16 13:53:20.19+00	2021-02-16 07:56:39.676+00	0	2	f	f	2021-02-16 07:43:30.193+00	2021-02-16 07:56:42.416+00
13	3	8	2021-02-16 07:56:42.433+00	2021-02-16 13:56:42.433+00	2021-02-16 07:57:07.845+00	0	3	f	f	2021-02-16 07:43:30.193+00	2021-02-16 07:57:11.594+00
14	3	9	2021-02-16 07:57:11.608+00	2021-02-16 13:57:11.608+00	2021-02-16 07:57:26.387+00	1	4	f	t	2021-02-16 07:43:30.193+00	2021-02-16 07:57:26.418+00
15	4	10	2021-02-16 07:44:00.799+00	2021-02-16 13:44:00.799+00	2021-02-16 07:57:45.877+00	0	1	f	f	2021-02-16 07:44:00.799+00	2021-02-16 07:57:48.286+00
27	6	22	2021-02-17 03:38:30.778+00	2021-02-17 09:38:30.778+00	2021-02-17 03:38:35.462+00	0	1	f	f	2021-02-17 03:38:30.778+00	2021-02-17 03:38:37.68+00
16	4	11	2021-02-16 07:57:48.315+00	2021-02-16 13:57:48.315+00	2021-02-16 07:58:04.911+00	1	2	f	f	2021-02-16 07:44:00.799+00	2021-02-16 07:58:11.562+00
17	4	12	2021-02-16 07:58:11.589+00	2021-02-16 13:58:11.589+00	2021-02-16 07:58:16.836+00	0	3	f	f	2021-02-16 07:44:00.799+00	2021-02-16 07:58:19.368+00
28	6	23	2021-02-17 03:38:37.703+00	2021-02-17 09:38:37.703+00	2021-02-17 03:38:58.397+00	0	2	f	f	2021-02-17 03:38:30.778+00	2021-02-17 03:39:00.391+00
18	4	13	2021-02-16 07:58:19.389+00	2021-02-16 13:58:19.389+00	2021-02-16 07:58:39.252+00	0	4	f	f	2021-02-16 07:44:00.799+00	2021-02-16 07:58:41.868+00
29	6	24	2021-02-17 03:39:00.411+00	2021-02-17 09:39:00.411+00	2021-02-17 03:39:30.291+00	1	3	f	f	2021-02-17 03:38:30.778+00	2021-02-17 03:39:31.924+00
19	4	14	2021-02-16 07:58:41.898+00	2021-02-16 13:58:41.898+00	2021-02-16 07:58:56.321+00	1	5	f	f	2021-02-16 07:44:00.799+00	2021-02-16 07:58:59.275+00
54	13	12	2022-03-14 04:40:52.995+00	2022-03-14 10:40:52.995+00	2022-03-14 04:40:56.132+00	0	3	f	f	2022-03-14 04:40:37.141+00	2022-03-14 04:40:57.721+00
20	4	15	2021-02-16 07:58:59.291+00	2021-02-16 13:58:59.291+00	2021-02-16 07:59:06.79+00	1	6	f	f	2021-02-16 07:44:00.799+00	2021-02-16 07:59:09.272+00
49	12	7	2022-03-14 04:39:32.516+00	2022-03-14 10:39:32.516+00	2022-03-14 04:39:42.979+00	1	2	f	f	2022-03-14 04:39:20.854+00	2022-03-14 04:39:44.533+00
30	6	25	2021-02-17 03:39:31.94+00	2021-02-17 09:39:31.94+00	2021-02-17 03:39:37.988+00	1	4	f	f	2021-02-17 03:38:30.778+00	2021-02-17 03:42:23.917+00
55	13	13	2022-03-14 04:40:57.734+00	2022-03-14 10:40:57.734+00	2022-03-14 04:41:16.693+00	0	4	f	f	2022-03-14 04:40:37.141+00	2022-03-14 04:41:18.326+00
31	6	26	2021-02-17 03:42:23.935+00	2021-02-17 09:42:23.935+00	2021-02-17 03:42:33.32+00	1	5	f	t	2021-02-17 03:38:30.778+00	2021-02-17 03:42:33.348+00
50	12	8	2022-03-14 04:39:44.55+00	2022-03-14 10:39:44.55+00	2022-03-14 04:40:05.235+00	0	3	f	f	2022-03-14 04:39:20.854+00	2022-03-14 04:40:07.195+00
32	7	24	2021-03-04 03:33:43.404+00	2021-03-04 09:33:43.404+00	2021-03-04 03:34:16.174+00	1	1	f	t	2021-03-04 03:33:43.405+00	2021-03-04 03:34:16.212+00
43	11	1	2021-10-06 07:23:25.571+00	2021-10-06 13:23:25.571+00	2021-10-06 07:23:34.623+00	0	1	f	f	2021-10-06 07:23:25.571+00	2021-10-06 08:03:29.77+00
33	8	25	2021-03-04 03:34:46.922+00	2021-03-04 09:34:46.922+00	2021-03-04 03:34:57.864+00	1	1	f	t	2021-03-04 03:34:46.922+00	2021-03-04 03:34:57.89+00
38	10	1	2021-09-20 09:06:42.823+00	2021-09-20 15:06:42.823+00	\N	0	1	t	f	2021-09-20 09:06:42.823+00	2021-09-20 09:06:42.823+00
39	10	2	\N	\N	\N	0	2	f	f	2021-09-20 09:06:42.823+00	2021-09-20 09:06:42.823+00
40	10	3	\N	\N	\N	0	3	f	f	2021-09-20 09:06:42.823+00	2021-09-20 09:06:42.823+00
41	10	4	\N	\N	\N	0	4	f	f	2021-09-20 09:06:42.823+00	2021-09-20 09:06:42.823+00
42	10	5	\N	\N	\N	0	5	f	t	2021-09-20 09:06:42.823+00	2021-09-20 09:06:42.823+00
44	11	2	2021-10-06 08:03:29.806+00	2021-10-06 14:03:29.806+00	\N	0	2	f	f	2021-10-06 07:23:25.571+00	2022-03-14 04:38:08.982+00
51	12	9	2022-03-14 04:40:07.222+00	2022-03-14 10:40:07.222+00	2022-03-14 04:40:28.705+00	0	4	f	t	2022-03-14 04:39:20.854+00	2022-03-14 04:40:28.782+00
45	11	3	2022-03-14 04:38:09.029+00	2022-03-14 10:38:09.029+00	2022-03-14 04:38:44.495+00	0	3	f	f	2021-10-06 07:23:25.571+00	2022-03-14 04:38:46.546+00
46	11	4	2022-03-14 04:38:46.601+00	2022-03-14 10:38:46.601+00	2022-03-14 04:38:58.597+00	1	4	f	f	2021-10-06 07:23:25.571+00	2022-03-14 04:39:00.513+00
47	11	5	2022-03-14 04:39:00.537+00	2022-03-14 10:39:00.537+00	2022-03-14 04:39:11.582+00	1	5	f	t	2021-10-06 07:23:25.571+00	2022-03-14 04:39:11.624+00
56	13	14	2022-03-14 04:41:18.353+00	2022-03-14 10:41:18.353+00	2022-03-14 04:41:27.066+00	1	5	f	f	2022-03-14 04:40:37.141+00	2022-03-14 04:41:28.748+00
52	13	10	2022-03-14 04:40:37.141+00	2022-03-14 10:40:37.141+00	2022-03-14 04:40:43.125+00	0	1	f	f	2022-03-14 04:40:37.141+00	2022-03-14 04:40:45.201+00
53	13	11	2022-03-14 04:40:45.213+00	2022-03-14 10:40:45.213+00	2022-03-14 04:40:50.998+00	1	2	f	f	2022-03-14 04:40:37.141+00	2022-03-14 04:40:52.971+00
57	13	15	2022-03-14 04:41:28.763+00	2022-03-14 10:41:28.763+00	2022-03-14 04:41:33.119+00	0	6	f	f	2022-03-14 04:40:37.141+00	2022-03-14 04:41:34.536+00
58	13	16	2022-03-14 04:41:34.555+00	2022-03-14 10:41:34.555+00	2022-03-14 04:41:38.676+00	1	7	f	t	2022-03-14 04:40:37.141+00	2022-03-14 04:41:38.698+00
\.


--
-- Data for Name: users; Type: TABLE DATA; Schema: public; Owner: badiklatpmi-dev
--

COPY public.users (id, name, email, password, type, phone, gender, agency, "position", "dateOfBirth", "isAdmin", "resetPassToken", "imageUri", "createdAt", "updatedAt") FROM stdin;
2	Victor Dhanar	vicktor@breefstudio.com	$argon2id$v=19$m=16,t=8,p=2$QIdadja/vcWD1zeuf5tfnQ$1LQwLyNCSgNoBlJDqfV7r9c2+7B5xCeYD4MjWer03b0	pmi	087898767654	male	\N	\N	1987-10-21 17:00:00+00	t	\N	\N	2021-02-08 03:33:24.065423+00	2021-02-08 03:33:24.065423+00
3	Lionel Messi	messi@breefstudio.com	$argon2id$v=19$m=16,t=8,p=2$QIdadja/vcWD1zeuf5tfnQ$1LQwLyNCSgNoBlJDqfV7r9c2+7B5xCeYD4MjWer03b0	pmi	087898767654	male	\N	\N	1987-10-21 17:00:00+00	f	\N	\N	2021-02-08 03:33:24.065423+00	2021-02-08 03:33:24.065423+00
4	Cristiano Ronaldo	ronaldo@breefstudio.com	$argon2id$v=19$m=16,t=8,p=2$QIdadja/vcWD1zeuf5tfnQ$1LQwLyNCSgNoBlJDqfV7r9c2+7B5xCeYD4MjWer03b0	pmi	087898767654	male	\N	\N	1987-10-21 17:00:00+00	f	\N	\N	2021-02-08 03:33:24.065423+00	2021-02-08 03:33:24.065423+00
5	Bima Febriansyah	bima@breefstudio.com	$argon2id$v=19$m=16,t=8,p=2$QIdadja/vcWD1zeuf5tfnQ$1LQwLyNCSgNoBlJDqfV7r9c2+7B5xCeYD4MjWer03b0	pmi	087898767654	male	\N	\N	1987-10-21 17:00:00+00	f	\N	\N	2021-02-08 03:33:24.065423+00	2021-02-08 03:33:24.065423+00
6	Frydho Ghazian	frydho@breefstudio.com	$argon2id$v=19$m=16,t=8,p=2$QIdadja/vcWD1zeuf5tfnQ$1LQwLyNCSgNoBlJDqfV7r9c2+7B5xCeYD4MjWer03b0	pmi	087898767654	male	\N	\N	1987-10-21 17:00:00+00	f	\N	\N	2021-02-08 03:33:24.065423+00	2021-02-08 03:33:24.065423+00
7	Deni Hamdani	deni@breefstudio.com	$argon2id$v=19$m=16,t=8,p=2$QIdadja/vcWD1zeuf5tfnQ$1LQwLyNCSgNoBlJDqfV7r9c2+7B5xCeYD4MjWer03b0	pmi	087898767654	male	\N	\N	1987-09-21 17:00:00+00	f	\N	\N	2021-02-08 03:33:24.065423+00	2021-02-08 03:33:24.065423+00
8	Muhammad Fauzan	nauzaf@breefstudio.com	$argon2id$v=19$m=16,t=8,p=2$QIdadja/vcWD1zeuf5tfnQ$1LQwLyNCSgNoBlJDqfV7r9c2+7B5xCeYD4MjWer03b0	pmi	087898767654	male	\N	\N	1987-07-21 17:00:00+00	f	\N	\N	2021-02-08 03:33:24.065423+00	2021-02-08 03:33:24.065423+00
9	Johan Aji	johan@breefstudio.com	$argon2id$v=19$m=16,t=8,p=2$QIdadja/vcWD1zeuf5tfnQ$1LQwLyNCSgNoBlJDqfV7r9c2+7B5xCeYD4MjWer03b0	pmi	087898767654	male	\N	\N	1987-01-21 17:00:00+00	f	\N	\N	2021-02-08 03:33:24.065423+00	2021-02-08 03:33:24.065423+00
10	Ifak Dalam	ifak.dalam@breefstudio.com	$argon2id$v=19$m=16,t=8,p=2$QIdadja/vcWD1zeuf5tfnQ$1LQwLyNCSgNoBlJDqfV7r9c2+7B5xCeYD4MjWer03b0	pmi	087898767654	male	\N	\N	1987-10-21 17:00:00+00	f	\N	\N	2021-02-08 03:33:24.065423+00	2021-02-08 03:33:24.065423+00
11	Aditya Mirza	adit@breefstudio.com	$argon2id$v=19$m=16,t=8,p=2$QIdadja/vcWD1zeuf5tfnQ$1LQwLyNCSgNoBlJDqfV7r9c2+7B5xCeYD4MjWer03b0	pmi	087898767654	male	\N	\N	1987-10-21 17:00:00+00	f	\N	\N	2021-02-08 03:33:24.065423+00	2021-02-08 03:33:24.065423+00
12	brainstrom CIM	frydhoparah@gmail.com	$argon2id$v=19$m=16,t=8,p=2$xYFKGHpwsY3Bw5yksv3vmw$tg9UE/CSexXY0AOHd9Hw9epEoApVGOSQffDtHq3Wh2k	volunteer	asdfsdf	male	asdf	asdfsa	1990-01-01 00:00:00+00	f	\N	\N	2021-09-27 04:26:27.397+00	2021-09-27 04:26:27.397+00
1	Kukuh Yoniatmoko	kukuh@breefstudio.com	$argon2id$v=19$m=16,t=8,p=2$QIdadja/vcWD1zeuf5tfnQ$1LQwLyNCSgNoBlJDqfV7r9c2+7B5xCeYD4MjWer03b0	pmi	087898767654	male	\N	\N	1987-10-21 17:00:00+00	t	eyJhbGciOiJFUzI1NiIsInR5cCI6IkpXVCJ9.eyJwYXlsb2FkIjoxLCJpYXQiOjE2MzQ3ODQ0NjAsImV4cCI6MTYzNDg3MDg2MCwiYXVkIjoicG1pLWF1ZGllbmNlIiwiaXNzIjoicG1pLWlzc3VlciJ9.FCUC40gqRktCJwC0D8KwCcs8nhR8tHJhXB4XxeURTvt1ekt4j5zbrjNVU1vU-pc1zvIBs51PMVEa5kOYcPZXcQ	\N	2021-02-08 03:33:24.065423+00	2021-10-21 02:47:40.564+00
\.


--
-- Data for Name: word_puzzles; Type: TABLE DATA; Schema: public; Owner: badiklatpmi-dev
--

COPY public.word_puzzles (id, puzzle, answer, "questionId", "createdAt", "updatedAt") FROM stdin;
1	["yang","ini","saya","anak","pertama"]	ini anak saya yang pertama	1	2021-02-08 03:33:25.084237+00	2021-02-08 03:33:25.084237+00
2	["hari","di","membaca","buku","pagi"]	membaca buku di pagi hari	6	2021-02-08 03:33:25.084237+00	2021-02-08 03:33:25.084237+00
3	["dolor","sit","lorem","ipsum","amet"]	lorem ipsum dolor sit amet	11	2021-02-08 03:33:25.084237+00	2021-02-08 03:33:25.084237+00
4	["palang","indonesia","merah"]	palang merah indonesia	16	2021-02-08 03:33:25.084237+00	2021-02-08 03:33:25.084237+00
5	["perwakilan","dewan","rakyat"]	dewan perwakilan rakyat	21	2021-02-08 03:33:25.084237+00	2021-02-08 03:33:25.084237+00
6	["republik","bersenjata","indonesia","angkatan"]	angkatan bersenjata republik indonesia	26	2021-02-08 03:33:25.084237+00	2021-02-08 03:33:25.084237+00
7	["makan","saya"]	saya makan	27	2021-06-11 02:44:38.763+00	2021-06-11 02:44:38.763+00
\.


--
-- Name: categories_id_seq; Type: SEQUENCE SET; Schema: public; Owner: badiklatpmi-dev
--

SELECT pg_catalog.setval('public.categories_id_seq', 6, false);


--
-- Name: categorization_categories_id_seq; Type: SEQUENCE SET; Schema: public; Owner: badiklatpmi-dev
--

SELECT pg_catalog.setval('public.categorization_categories_id_seq', 11, false);


--
-- Name: categorization_items_id_seq; Type: SEQUENCE SET; Schema: public; Owner: badiklatpmi-dev
--

SELECT pg_catalog.setval('public.categorization_items_id_seq', 34, true);


--
-- Name: categorizations_id_seq; Type: SEQUENCE SET; Schema: public; Owner: badiklatpmi-dev
--

SELECT pg_catalog.setval('public.categorizations_id_seq', 6, false);


--
-- Name: course_objectives_id_seq; Type: SEQUENCE SET; Schema: public; Owner: badiklatpmi-dev
--

SELECT pg_catalog.setval('public.course_objectives_id_seq', 1, false);


--
-- Name: course_registrations_id_seq; Type: SEQUENCE SET; Schema: public; Owner: badiklatpmi-dev
--

SELECT pg_catalog.setval('public.course_registrations_id_seq', 1, false);


--
-- Name: courses_id_seq; Type: SEQUENCE SET; Schema: public; Owner: badiklatpmi-dev
--

SELECT pg_catalog.setval('public.courses_id_seq', 11, true);


--
-- Name: galleries_id_seq; Type: SEQUENCE SET; Schema: public; Owner: badiklatpmi-dev
--

SELECT pg_catalog.setval('public.galleries_id_seq', 15, true);


--
-- Name: gallery_directories_id_seq; Type: SEQUENCE SET; Schema: public; Owner: badiklatpmi-dev
--

SELECT pg_catalog.setval('public.gallery_directories_id_seq', 1, false);


--
-- Name: gallery_items_id_seq; Type: SEQUENCE SET; Schema: public; Owner: badiklatpmi-dev
--

SELECT pg_catalog.setval('public.gallery_items_id_seq', 34, true);


--
-- Name: image_puzzle_grids_id_seq; Type: SEQUENCE SET; Schema: public; Owner: badiklatpmi-dev
--

SELECT pg_catalog.setval('public.image_puzzle_grids_id_seq', 45, true);


--
-- Name: image_puzzles_id_seq; Type: SEQUENCE SET; Schema: public; Owner: badiklatpmi-dev
--

SELECT pg_catalog.setval('public.image_puzzles_id_seq', 6, false);


--
-- Name: match_puzzle_items_id_seq; Type: SEQUENCE SET; Schema: public; Owner: badiklatpmi-dev
--

SELECT pg_catalog.setval('public.match_puzzle_items_id_seq', 11, false);


--
-- Name: match_puzzle_rows_id_seq; Type: SEQUENCE SET; Schema: public; Owner: badiklatpmi-dev
--

SELECT pg_catalog.setval('public.match_puzzle_rows_id_seq', 11, false);


--
-- Name: match_puzzles_id_seq; Type: SEQUENCE SET; Schema: public; Owner: badiklatpmi-dev
--

SELECT pg_catalog.setval('public.match_puzzles_id_seq', 6, false);


--
-- Name: module_question_sessions_id_seq; Type: SEQUENCE SET; Schema: public; Owner: badiklatpmi-dev
--

SELECT pg_catalog.setval('public.module_question_sessions_id_seq', 13, true);


--
-- Name: multiple_choice_items_id_seq; Type: SEQUENCE SET; Schema: public; Owner: badiklatpmi-dev
--

SELECT pg_catalog.setval('public.multiple_choice_items_id_seq', 27, true);


--
-- Name: multiple_choices_id_seq; Type: SEQUENCE SET; Schema: public; Owner: badiklatpmi-dev
--

SELECT pg_catalog.setval('public.multiple_choices_id_seq', 6, true);


--
-- Name: online_course_attachments_id_seq; Type: SEQUENCE SET; Schema: public; Owner: badiklatpmi-dev
--

SELECT pg_catalog.setval('public.online_course_attachments_id_seq', 1, false);


--
-- Name: online_course_images_id_seq; Type: SEQUENCE SET; Schema: public; Owner: badiklatpmi-dev
--

SELECT pg_catalog.setval('public.online_course_images_id_seq', 3, false);


--
-- Name: online_course_modules_id_seq; Type: SEQUENCE SET; Schema: public; Owner: badiklatpmi-dev
--

SELECT pg_catalog.setval('public.online_course_modules_id_seq', 22, true);


--
-- Name: online_course_objectives_id_seq; Type: SEQUENCE SET; Schema: public; Owner: badiklatpmi-dev
--

SELECT pg_catalog.setval('public.online_course_objectives_id_seq', 11, false);


--
-- Name: online_course_questions_id_seq; Type: SEQUENCE SET; Schema: public; Owner: badiklatpmi-dev
--

SELECT pg_catalog.setval('public.online_course_questions_id_seq', 28, true);


--
-- Name: online_course_videos_id_seq; Type: SEQUENCE SET; Schema: public; Owner: badiklatpmi-dev
--

SELECT pg_catalog.setval('public.online_course_videos_id_seq', 3, false);


--
-- Name: online_courses_id_seq; Type: SEQUENCE SET; Schema: public; Owner: badiklatpmi-dev
--

SELECT pg_catalog.setval('public.online_courses_id_seq', 9, true);


--
-- Name: order_items_id_seq; Type: SEQUENCE SET; Schema: public; Owner: badiklatpmi-dev
--

SELECT pg_catalog.setval('public.order_items_id_seq', 7, true);


--
-- Name: order_transactions_id_seq; Type: SEQUENCE SET; Schema: public; Owner: badiklatpmi-dev
--

SELECT pg_catalog.setval('public.order_transactions_id_seq', 5, true);


--
-- Name: orders_id_seq; Type: SEQUENCE SET; Schema: public; Owner: badiklatpmi-dev
--

SELECT pg_catalog.setval('public.orders_id_seq', 7, true);


--
-- Name: provinces_id_seq; Type: SEQUENCE SET; Schema: public; Owner: badiklatpmi-dev
--

SELECT pg_catalog.setval('public.provinces_id_seq', 35, false);


--
-- Name: question_results_id_seq; Type: SEQUENCE SET; Schema: public; Owner: badiklatpmi-dev
--

SELECT pg_catalog.setval('public.question_results_id_seq', 5, true);


--
-- Name: question_sessions_id_seq; Type: SEQUENCE SET; Schema: public; Owner: badiklatpmi-dev
--

SELECT pg_catalog.setval('public.question_sessions_id_seq', 58, true);


--
-- Name: users_id_seq; Type: SEQUENCE SET; Schema: public; Owner: badiklatpmi-dev
--

SELECT pg_catalog.setval('public.users_id_seq', 12, true);


--
-- Name: word_puzzles_id_seq; Type: SEQUENCE SET; Schema: public; Owner: badiklatpmi-dev
--

SELECT pg_catalog.setval('public.word_puzzles_id_seq', 7, true);


--
-- Name: SequelizeMeta SequelizeMeta_pkey; Type: CONSTRAINT; Schema: public; Owner: badiklatpmi-dev
--

ALTER TABLE ONLY public."SequelizeMeta"
    ADD CONSTRAINT "SequelizeMeta_pkey" PRIMARY KEY (name);


--
-- Name: browser_sessions browser_sessions_pkey; Type: CONSTRAINT; Schema: public; Owner: badiklatpmi-dev
--

ALTER TABLE ONLY public.browser_sessions
    ADD CONSTRAINT browser_sessions_pkey PRIMARY KEY (sid);


--
-- Name: categories categories_pkey; Type: CONSTRAINT; Schema: public; Owner: badiklatpmi-dev
--

ALTER TABLE ONLY public.categories
    ADD CONSTRAINT categories_pkey PRIMARY KEY (id);


--
-- Name: categories categories_slug_key; Type: CONSTRAINT; Schema: public; Owner: badiklatpmi-dev
--

ALTER TABLE ONLY public.categories
    ADD CONSTRAINT categories_slug_key UNIQUE (slug);


--
-- Name: categorization_categories categorization_categories_pkey; Type: CONSTRAINT; Schema: public; Owner: badiklatpmi-dev
--

ALTER TABLE ONLY public.categorization_categories
    ADD CONSTRAINT categorization_categories_pkey PRIMARY KEY (id);


--
-- Name: categorization_items categorization_items_pkey; Type: CONSTRAINT; Schema: public; Owner: badiklatpmi-dev
--

ALTER TABLE ONLY public.categorization_items
    ADD CONSTRAINT categorization_items_pkey PRIMARY KEY (id);


--
-- Name: categorizations categorizations_pkey; Type: CONSTRAINT; Schema: public; Owner: badiklatpmi-dev
--

ALTER TABLE ONLY public.categorizations
    ADD CONSTRAINT categorizations_pkey PRIMARY KEY (id);


--
-- Name: categorizations categorizations_questionId_key; Type: CONSTRAINT; Schema: public; Owner: badiklatpmi-dev
--

ALTER TABLE ONLY public.categorizations
    ADD CONSTRAINT "categorizations_questionId_key" UNIQUE ("questionId");


--
-- Name: course_objectives course_objectives_pkey; Type: CONSTRAINT; Schema: public; Owner: badiklatpmi-dev
--

ALTER TABLE ONLY public.course_objectives
    ADD CONSTRAINT course_objectives_pkey PRIMARY KEY (id);


--
-- Name: course_registrations course_registrations_pkey; Type: CONSTRAINT; Schema: public; Owner: badiklatpmi-dev
--

ALTER TABLE ONLY public.course_registrations
    ADD CONSTRAINT course_registrations_pkey PRIMARY KEY (id);


--
-- Name: courses courses_pkey; Type: CONSTRAINT; Schema: public; Owner: badiklatpmi-dev
--

ALTER TABLE ONLY public.courses
    ADD CONSTRAINT courses_pkey PRIMARY KEY (id);


--
-- Name: courses courses_slug_key; Type: CONSTRAINT; Schema: public; Owner: badiklatpmi-dev
--

ALTER TABLE ONLY public.courses
    ADD CONSTRAINT courses_slug_key UNIQUE (slug);


--
-- Name: galleries galleries_pkey; Type: CONSTRAINT; Schema: public; Owner: badiklatpmi-dev
--

ALTER TABLE ONLY public.galleries
    ADD CONSTRAINT galleries_pkey PRIMARY KEY (id);


--
-- Name: galleries galleries_slug_key; Type: CONSTRAINT; Schema: public; Owner: badiklatpmi-dev
--

ALTER TABLE ONLY public.galleries
    ADD CONSTRAINT galleries_slug_key UNIQUE (slug);


--
-- Name: gallery_directories gallery_directories_pkey; Type: CONSTRAINT; Schema: public; Owner: badiklatpmi-dev
--

ALTER TABLE ONLY public.gallery_directories
    ADD CONSTRAINT gallery_directories_pkey PRIMARY KEY (id);


--
-- Name: gallery_items gallery_items_pkey; Type: CONSTRAINT; Schema: public; Owner: badiklatpmi-dev
--

ALTER TABLE ONLY public.gallery_items
    ADD CONSTRAINT gallery_items_pkey PRIMARY KEY (id);


--
-- Name: image_puzzle_grids image_puzzle_grids_pkey; Type: CONSTRAINT; Schema: public; Owner: badiklatpmi-dev
--

ALTER TABLE ONLY public.image_puzzle_grids
    ADD CONSTRAINT image_puzzle_grids_pkey PRIMARY KEY (id);


--
-- Name: image_puzzles image_puzzles_pkey; Type: CONSTRAINT; Schema: public; Owner: badiklatpmi-dev
--

ALTER TABLE ONLY public.image_puzzles
    ADD CONSTRAINT image_puzzles_pkey PRIMARY KEY (id);


--
-- Name: image_puzzles image_puzzles_questionId_key; Type: CONSTRAINT; Schema: public; Owner: badiklatpmi-dev
--

ALTER TABLE ONLY public.image_puzzles
    ADD CONSTRAINT "image_puzzles_questionId_key" UNIQUE ("questionId");


--
-- Name: match_puzzle_items match_puzzle_items_pkey; Type: CONSTRAINT; Schema: public; Owner: badiklatpmi-dev
--

ALTER TABLE ONLY public.match_puzzle_items
    ADD CONSTRAINT match_puzzle_items_pkey PRIMARY KEY (id);


--
-- Name: match_puzzle_rows match_puzzle_rows_pkey; Type: CONSTRAINT; Schema: public; Owner: badiklatpmi-dev
--

ALTER TABLE ONLY public.match_puzzle_rows
    ADD CONSTRAINT match_puzzle_rows_pkey PRIMARY KEY (id);


--
-- Name: match_puzzles match_puzzles_pkey; Type: CONSTRAINT; Schema: public; Owner: badiklatpmi-dev
--

ALTER TABLE ONLY public.match_puzzles
    ADD CONSTRAINT match_puzzles_pkey PRIMARY KEY (id);


--
-- Name: match_puzzles match_puzzles_questionId_key; Type: CONSTRAINT; Schema: public; Owner: badiklatpmi-dev
--

ALTER TABLE ONLY public.match_puzzles
    ADD CONSTRAINT "match_puzzles_questionId_key" UNIQUE ("questionId");


--
-- Name: module_question_sessions module_question_sessions_pkey; Type: CONSTRAINT; Schema: public; Owner: badiklatpmi-dev
--

ALTER TABLE ONLY public.module_question_sessions
    ADD CONSTRAINT module_question_sessions_pkey PRIMARY KEY (id);


--
-- Name: multiple_choice_items multiple_choice_items_pkey; Type: CONSTRAINT; Schema: public; Owner: badiklatpmi-dev
--

ALTER TABLE ONLY public.multiple_choice_items
    ADD CONSTRAINT multiple_choice_items_pkey PRIMARY KEY (id);


--
-- Name: multiple_choices multiple_choices_pkey; Type: CONSTRAINT; Schema: public; Owner: badiklatpmi-dev
--

ALTER TABLE ONLY public.multiple_choices
    ADD CONSTRAINT multiple_choices_pkey PRIMARY KEY (id);


--
-- Name: multiple_choices multiple_choices_questionId_key; Type: CONSTRAINT; Schema: public; Owner: badiklatpmi-dev
--

ALTER TABLE ONLY public.multiple_choices
    ADD CONSTRAINT "multiple_choices_questionId_key" UNIQUE ("questionId");


--
-- Name: online_course_attachments online_course_attachments_pkey; Type: CONSTRAINT; Schema: public; Owner: badiklatpmi-dev
--

ALTER TABLE ONLY public.online_course_attachments
    ADD CONSTRAINT online_course_attachments_pkey PRIMARY KEY (id);


--
-- Name: online_course_images online_course_images_pkey; Type: CONSTRAINT; Schema: public; Owner: badiklatpmi-dev
--

ALTER TABLE ONLY public.online_course_images
    ADD CONSTRAINT online_course_images_pkey PRIMARY KEY (id);


--
-- Name: online_course_modules online_course_modules_pkey; Type: CONSTRAINT; Schema: public; Owner: badiklatpmi-dev
--

ALTER TABLE ONLY public.online_course_modules
    ADD CONSTRAINT online_course_modules_pkey PRIMARY KEY (id);


--
-- Name: online_course_objectives online_course_objectives_pkey; Type: CONSTRAINT; Schema: public; Owner: badiklatpmi-dev
--

ALTER TABLE ONLY public.online_course_objectives
    ADD CONSTRAINT online_course_objectives_pkey PRIMARY KEY (id);


--
-- Name: online_course_questions online_course_questions_pkey; Type: CONSTRAINT; Schema: public; Owner: badiklatpmi-dev
--

ALTER TABLE ONLY public.online_course_questions
    ADD CONSTRAINT online_course_questions_pkey PRIMARY KEY (id);


--
-- Name: online_course_videos online_course_videos_pkey; Type: CONSTRAINT; Schema: public; Owner: badiklatpmi-dev
--

ALTER TABLE ONLY public.online_course_videos
    ADD CONSTRAINT online_course_videos_pkey PRIMARY KEY (id);


--
-- Name: online_courses online_courses_pkey; Type: CONSTRAINT; Schema: public; Owner: badiklatpmi-dev
--

ALTER TABLE ONLY public.online_courses
    ADD CONSTRAINT online_courses_pkey PRIMARY KEY (id);


--
-- Name: online_courses online_courses_slug_key; Type: CONSTRAINT; Schema: public; Owner: badiklatpmi-dev
--

ALTER TABLE ONLY public.online_courses
    ADD CONSTRAINT online_courses_slug_key UNIQUE (slug);


--
-- Name: order_items order_items_pkey; Type: CONSTRAINT; Schema: public; Owner: badiklatpmi-dev
--

ALTER TABLE ONLY public.order_items
    ADD CONSTRAINT order_items_pkey PRIMARY KEY (id);


--
-- Name: order_transactions order_transactions_pkey; Type: CONSTRAINT; Schema: public; Owner: badiklatpmi-dev
--

ALTER TABLE ONLY public.order_transactions
    ADD CONSTRAINT order_transactions_pkey PRIMARY KEY (id);


--
-- Name: orders orders_pkey; Type: CONSTRAINT; Schema: public; Owner: badiklatpmi-dev
--

ALTER TABLE ONLY public.orders
    ADD CONSTRAINT orders_pkey PRIMARY KEY (id);


--
-- Name: provinces provinces_pkey; Type: CONSTRAINT; Schema: public; Owner: badiklatpmi-dev
--

ALTER TABLE ONLY public.provinces
    ADD CONSTRAINT provinces_pkey PRIMARY KEY (id);


--
-- Name: question_results question_results_pkey; Type: CONSTRAINT; Schema: public; Owner: badiklatpmi-dev
--

ALTER TABLE ONLY public.question_results
    ADD CONSTRAINT question_results_pkey PRIMARY KEY (id);


--
-- Name: question_sessions question_sessions_pkey; Type: CONSTRAINT; Schema: public; Owner: badiklatpmi-dev
--

ALTER TABLE ONLY public.question_sessions
    ADD CONSTRAINT question_sessions_pkey PRIMARY KEY (id);


--
-- Name: users users_email_key; Type: CONSTRAINT; Schema: public; Owner: badiklatpmi-dev
--

ALTER TABLE ONLY public.users
    ADD CONSTRAINT users_email_key UNIQUE (email);


--
-- Name: users users_pkey; Type: CONSTRAINT; Schema: public; Owner: badiklatpmi-dev
--

ALTER TABLE ONLY public.users
    ADD CONSTRAINT users_pkey PRIMARY KEY (id);


--
-- Name: word_puzzles word_puzzles_pkey; Type: CONSTRAINT; Schema: public; Owner: badiklatpmi-dev
--

ALTER TABLE ONLY public.word_puzzles
    ADD CONSTRAINT word_puzzles_pkey PRIMARY KEY (id);


--
-- Name: word_puzzles word_puzzles_questionId_key; Type: CONSTRAINT; Schema: public; Owner: badiklatpmi-dev
--

ALTER TABLE ONLY public.word_puzzles
    ADD CONSTRAINT "word_puzzles_questionId_key" UNIQUE ("questionId");


--
-- Name: categorization_categories categorization_categories_categorizationId_fkey; Type: FK CONSTRAINT; Schema: public; Owner: badiklatpmi-dev
--

ALTER TABLE ONLY public.categorization_categories
    ADD CONSTRAINT "categorization_categories_categorizationId_fkey" FOREIGN KEY ("categorizationId") REFERENCES public.categorizations(id) ON UPDATE CASCADE ON DELETE CASCADE;


--
-- Name: categorization_items categorization_items_categorizationCategoryId_fkey; Type: FK CONSTRAINT; Schema: public; Owner: badiklatpmi-dev
--

ALTER TABLE ONLY public.categorization_items
    ADD CONSTRAINT "categorization_items_categorizationCategoryId_fkey" FOREIGN KEY ("categorizationCategoryId") REFERENCES public.categorization_categories(id) ON UPDATE CASCADE ON DELETE CASCADE;


--
-- Name: categorization_items categorization_items_categorizationId_fkey; Type: FK CONSTRAINT; Schema: public; Owner: badiklatpmi-dev
--

ALTER TABLE ONLY public.categorization_items
    ADD CONSTRAINT "categorization_items_categorizationId_fkey" FOREIGN KEY ("categorizationId") REFERENCES public.categorizations(id) ON UPDATE CASCADE ON DELETE CASCADE;


--
-- Name: categorizations categorizations_questionId_fkey; Type: FK CONSTRAINT; Schema: public; Owner: badiklatpmi-dev
--

ALTER TABLE ONLY public.categorizations
    ADD CONSTRAINT "categorizations_questionId_fkey" FOREIGN KEY ("questionId") REFERENCES public.online_course_questions(id) ON UPDATE CASCADE ON DELETE CASCADE;


--
-- Name: course_registrations course_registrations_courseId_fkey; Type: FK CONSTRAINT; Schema: public; Owner: badiklatpmi-dev
--

ALTER TABLE ONLY public.course_registrations
    ADD CONSTRAINT "course_registrations_courseId_fkey" FOREIGN KEY ("courseId") REFERENCES public.courses(id) ON UPDATE CASCADE ON DELETE RESTRICT;


--
-- Name: courses courses_provinceId_fkey; Type: FK CONSTRAINT; Schema: public; Owner: badiklatpmi-dev
--

ALTER TABLE ONLY public.courses
    ADD CONSTRAINT "courses_provinceId_fkey" FOREIGN KEY ("provinceId") REFERENCES public.provinces(id) ON UPDATE CASCADE ON DELETE RESTRICT;


--
-- Name: gallery_directories gallery_directories_parentId_fkey; Type: FK CONSTRAINT; Schema: public; Owner: badiklatpmi-dev
--

ALTER TABLE ONLY public.gallery_directories
    ADD CONSTRAINT "gallery_directories_parentId_fkey" FOREIGN KEY ("parentId") REFERENCES public.gallery_directories(id) ON UPDATE CASCADE ON DELETE RESTRICT;


--
-- Name: gallery_items gallery_items_galleryId_fkey; Type: FK CONSTRAINT; Schema: public; Owner: badiklatpmi-dev
--

ALTER TABLE ONLY public.gallery_items
    ADD CONSTRAINT "gallery_items_galleryId_fkey" FOREIGN KEY ("galleryId") REFERENCES public.galleries(id) ON UPDATE CASCADE ON DELETE CASCADE;


--
-- Name: image_puzzle_grids image_puzzle_grids_imagePuzzleId_fkey; Type: FK CONSTRAINT; Schema: public; Owner: badiklatpmi-dev
--

ALTER TABLE ONLY public.image_puzzle_grids
    ADD CONSTRAINT "image_puzzle_grids_imagePuzzleId_fkey" FOREIGN KEY ("imagePuzzleId") REFERENCES public.image_puzzles(id) ON UPDATE CASCADE ON DELETE CASCADE;


--
-- Name: image_puzzles image_puzzles_questionId_fkey; Type: FK CONSTRAINT; Schema: public; Owner: badiklatpmi-dev
--

ALTER TABLE ONLY public.image_puzzles
    ADD CONSTRAINT "image_puzzles_questionId_fkey" FOREIGN KEY ("questionId") REFERENCES public.online_course_questions(id) ON UPDATE CASCADE ON DELETE CASCADE;


--
-- Name: match_puzzle_items match_puzzle_items_matchPuzzleRowAnswerId_fkey; Type: FK CONSTRAINT; Schema: public; Owner: badiklatpmi-dev
--

ALTER TABLE ONLY public.match_puzzle_items
    ADD CONSTRAINT "match_puzzle_items_matchPuzzleRowAnswerId_fkey" FOREIGN KEY ("matchPuzzleRowAnswerId") REFERENCES public.match_puzzle_rows(id) ON UPDATE CASCADE ON DELETE CASCADE;


--
-- Name: match_puzzle_items match_puzzle_items_matchPuzzleRowPuzzleId_fkey; Type: FK CONSTRAINT; Schema: public; Owner: badiklatpmi-dev
--

ALTER TABLE ONLY public.match_puzzle_items
    ADD CONSTRAINT "match_puzzle_items_matchPuzzleRowPuzzleId_fkey" FOREIGN KEY ("matchPuzzleRowPuzzleId") REFERENCES public.match_puzzle_rows(id) ON UPDATE CASCADE ON DELETE CASCADE;


--
-- Name: match_puzzle_rows match_puzzle_rows_matchPuzzleId_fkey; Type: FK CONSTRAINT; Schema: public; Owner: badiklatpmi-dev
--

ALTER TABLE ONLY public.match_puzzle_rows
    ADD CONSTRAINT "match_puzzle_rows_matchPuzzleId_fkey" FOREIGN KEY ("matchPuzzleId") REFERENCES public.match_puzzles(id) ON UPDATE CASCADE ON DELETE CASCADE;


--
-- Name: match_puzzles match_puzzles_questionId_fkey; Type: FK CONSTRAINT; Schema: public; Owner: badiklatpmi-dev
--

ALTER TABLE ONLY public.match_puzzles
    ADD CONSTRAINT "match_puzzles_questionId_fkey" FOREIGN KEY ("questionId") REFERENCES public.online_course_questions(id) ON UPDATE CASCADE ON DELETE CASCADE;


--
-- Name: module_question_sessions module_question_sessions_moduleId_fkey; Type: FK CONSTRAINT; Schema: public; Owner: badiklatpmi-dev
--

ALTER TABLE ONLY public.module_question_sessions
    ADD CONSTRAINT "module_question_sessions_moduleId_fkey" FOREIGN KEY ("moduleId") REFERENCES public.online_course_modules(id) ON UPDATE CASCADE ON DELETE RESTRICT;


--
-- Name: module_question_sessions module_question_sessions_orderItemId_fkey; Type: FK CONSTRAINT; Schema: public; Owner: badiklatpmi-dev
--

ALTER TABLE ONLY public.module_question_sessions
    ADD CONSTRAINT "module_question_sessions_orderItemId_fkey" FOREIGN KEY ("orderItemId") REFERENCES public.order_items(id) ON UPDATE CASCADE ON DELETE RESTRICT;


--
-- Name: module_question_sessions module_question_sessions_resultId_fkey; Type: FK CONSTRAINT; Schema: public; Owner: badiklatpmi-dev
--

ALTER TABLE ONLY public.module_question_sessions
    ADD CONSTRAINT "module_question_sessions_resultId_fkey" FOREIGN KEY ("resultId") REFERENCES public.question_results(id) ON UPDATE CASCADE ON DELETE RESTRICT;


--
-- Name: multiple_choice_items multiple_choice_items_multipleChoiceId_fkey; Type: FK CONSTRAINT; Schema: public; Owner: badiklatpmi-dev
--

ALTER TABLE ONLY public.multiple_choice_items
    ADD CONSTRAINT "multiple_choice_items_multipleChoiceId_fkey" FOREIGN KEY ("multipleChoiceId") REFERENCES public.multiple_choices(id) ON UPDATE CASCADE ON DELETE CASCADE;


--
-- Name: multiple_choices multiple_choices_questionId_fkey; Type: FK CONSTRAINT; Schema: public; Owner: badiklatpmi-dev
--

ALTER TABLE ONLY public.multiple_choices
    ADD CONSTRAINT "multiple_choices_questionId_fkey" FOREIGN KEY ("questionId") REFERENCES public.online_course_questions(id) ON UPDATE CASCADE ON DELETE CASCADE;


--
-- Name: online_course_attachments online_course_attachments_onlineCourseModuleId_fkey; Type: FK CONSTRAINT; Schema: public; Owner: badiklatpmi-dev
--

ALTER TABLE ONLY public.online_course_attachments
    ADD CONSTRAINT "online_course_attachments_onlineCourseModuleId_fkey" FOREIGN KEY ("onlineCourseModuleId") REFERENCES public.online_course_modules(id) ON UPDATE CASCADE ON DELETE RESTRICT;


--
-- Name: online_course_modules online_course_modules_onlineCourseId_fkey; Type: FK CONSTRAINT; Schema: public; Owner: badiklatpmi-dev
--

ALTER TABLE ONLY public.online_course_modules
    ADD CONSTRAINT "online_course_modules_onlineCourseId_fkey" FOREIGN KEY ("onlineCourseId") REFERENCES public.online_courses(id) ON UPDATE CASCADE ON DELETE RESTRICT;


--
-- Name: online_course_questions online_course_questions_onlineCourseModuleId_fkey; Type: FK CONSTRAINT; Schema: public; Owner: badiklatpmi-dev
--

ALTER TABLE ONLY public.online_course_questions
    ADD CONSTRAINT "online_course_questions_onlineCourseModuleId_fkey" FOREIGN KEY ("onlineCourseModuleId") REFERENCES public.online_course_modules(id) ON UPDATE CASCADE ON DELETE RESTRICT;


--
-- Name: online_courses online_courses_categoryId_fkey; Type: FK CONSTRAINT; Schema: public; Owner: badiklatpmi-dev
--

ALTER TABLE ONLY public.online_courses
    ADD CONSTRAINT "online_courses_categoryId_fkey" FOREIGN KEY ("categoryId") REFERENCES public.categories(id) ON UPDATE CASCADE ON DELETE RESTRICT;


--
-- Name: order_items order_items_onlineCourseId_fkey; Type: FK CONSTRAINT; Schema: public; Owner: badiklatpmi-dev
--

ALTER TABLE ONLY public.order_items
    ADD CONSTRAINT "order_items_onlineCourseId_fkey" FOREIGN KEY ("onlineCourseId") REFERENCES public.online_courses(id) ON UPDATE CASCADE ON DELETE RESTRICT;


--
-- Name: order_items order_items_orderId_fkey; Type: FK CONSTRAINT; Schema: public; Owner: badiklatpmi-dev
--

ALTER TABLE ONLY public.order_items
    ADD CONSTRAINT "order_items_orderId_fkey" FOREIGN KEY ("orderId") REFERENCES public.orders(id) ON UPDATE CASCADE ON DELETE RESTRICT;


--
-- Name: order_items order_items_userId_fkey; Type: FK CONSTRAINT; Schema: public; Owner: badiklatpmi-dev
--

ALTER TABLE ONLY public.order_items
    ADD CONSTRAINT "order_items_userId_fkey" FOREIGN KEY ("userId") REFERENCES public.users(id) ON UPDATE CASCADE ON DELETE RESTRICT;


--
-- Name: order_transactions order_transactions_orderId_fkey; Type: FK CONSTRAINT; Schema: public; Owner: badiklatpmi-dev
--

ALTER TABLE ONLY public.order_transactions
    ADD CONSTRAINT "order_transactions_orderId_fkey" FOREIGN KEY ("orderId") REFERENCES public.orders(id) ON UPDATE CASCADE ON DELETE RESTRICT;


--
-- Name: orders orders_userId_fkey; Type: FK CONSTRAINT; Schema: public; Owner: badiklatpmi-dev
--

ALTER TABLE ONLY public.orders
    ADD CONSTRAINT "orders_userId_fkey" FOREIGN KEY ("userId") REFERENCES public.users(id) ON UPDATE CASCADE ON DELETE RESTRICT;


--
-- Name: question_results question_results_orderItemId_fkey; Type: FK CONSTRAINT; Schema: public; Owner: badiklatpmi-dev
--

ALTER TABLE ONLY public.question_results
    ADD CONSTRAINT "question_results_orderItemId_fkey" FOREIGN KEY ("orderItemId") REFERENCES public.order_items(id) ON UPDATE CASCADE ON DELETE RESTRICT;


--
-- Name: question_sessions question_sessions_questionId_fkey; Type: FK CONSTRAINT; Schema: public; Owner: badiklatpmi-dev
--

ALTER TABLE ONLY public.question_sessions
    ADD CONSTRAINT "question_sessions_questionId_fkey" FOREIGN KEY ("questionId") REFERENCES public.online_course_questions(id) ON UPDATE CASCADE ON DELETE RESTRICT;


--
-- Name: question_sessions question_sessions_sessionId_fkey; Type: FK CONSTRAINT; Schema: public; Owner: badiklatpmi-dev
--

ALTER TABLE ONLY public.question_sessions
    ADD CONSTRAINT "question_sessions_sessionId_fkey" FOREIGN KEY ("sessionId") REFERENCES public.module_question_sessions(id) ON UPDATE CASCADE ON DELETE RESTRICT;


--
-- Name: word_puzzles word_puzzles_questionId_fkey; Type: FK CONSTRAINT; Schema: public; Owner: badiklatpmi-dev
--

ALTER TABLE ONLY public.word_puzzles
    ADD CONSTRAINT "word_puzzles_questionId_fkey" FOREIGN KEY ("questionId") REFERENCES public.online_course_questions(id) ON UPDATE CASCADE ON DELETE CASCADE;


--
-- PostgreSQL database dump complete
--

